filename,label
0101000020E6100000BD28E4C403F14540D11BDA3F102A4C40.jpg,1
0101000020E6100000C9303D4DA5D642408AFCEBF608E64B40.jpg,1
0101000020E61000009D8371B486563E403E910182B4074E40.jpg,1
0101000020E6100000D196F4A983DB4240B66CC6CC32D74B40.jpg,1
0101000020E61000007E55541BA1CD42408B6D018A99DF4B40.jpg,0
0101000020E6100000E390685D7ECC4240B8294126A9E24B40.jpg,1
0101000020E6100000A9057D897B6A3E408B23EB7D5EF94D40.jpg,1
0101000020E6100000CA5F3BC729CF42407B8CA38637EB4B40.jpg,1
0101000020E61000005F3EB7A25D633E4085E5B61AA5F84D40.jpg,1
0101000020E6100000B8E6AA53C7493E40D210EB1314F94D40.jpg,1
0101000020E6100000E3CC3520D0713E409428F5112AF54D40.jpg,1
0101000020E6100000DDF2E2DBB3CF42400522E7A447DA4B40.jpg,1
0101000020E6100000E5F24F0BC6B14E408E3BC1D8A4964B40.jpg,1
0101000020E6100000E4D5344D2A3E3E4002DC61507CF74D40.jpg,1
0101000020E6100000F3F4A71324C54240890392F784E74B40.jpg,1
0101000020E6100000944F2C439ECE42409646522643E04B40.jpg,1
0101000020E6100000ACB233A85D583E40ED74C47A13F64D40.jpg,1
0101000020E6100000B1961C2603CF424076AEA9A559E44B40.jpg,1
0101000020E6100000F34881DAAF6A3E40372376B203FD4D40.jpg,1
0101000020E61000008CF29C928BD54240E312A58FC9D84B40.jpg,1
0101000020E6100000D144E71B62D04240C1308E0101E04B40.jpg,1
0101000020E61000006F897F7F1A3F554024FFBC3EED3C4C40.jpg,1
0101000020E6100000F2E4651049C74240CE70A013C4DB4B40.jpg,1
0101000020E61000002B69EBFE36D142401737DDCE58EA4B40.jpg,1
0101000020E6100000F214281804D34240B79A4A469BCB4B40.jpg,1
0101000020E6100000A7B80F1822833E40333F347CD6F44D40.jpg,1
0101000020E6100000B15DD7B849493E407347AE84F6FF4D40.jpg,1
0101000020E6100000F4D4F21C74B24E409454436E48974B40.jpg,1
0101000020E6100000E7ECC59924D04240CF1A42E919E84B40.jpg,1
0101000020E6100000EA1FC3B14E3C3E405E41C3309A014E40.jpg,0
0101000020E6100000514066A96DCB4240C68561925AE24B40.jpg,1
0101000020E610000094A71EFCD35A3E40199CC3E0DA004E40.jpg,1
0101000020E6100000C8EB4F4F106D3E404FEF17F048FD4D40.jpg,1
0101000020E6100000F1868FE362514E40DF498FCF396A4C40.jpg,1
0101000020E6100000B88CD3C4C6B14E40A14E7E2D1D964B40.jpg,1
0101000020E6100000A7667998A2623E409CDD09DF83F94D40.jpg,1
0101000020E6100000A82831E4655B3E40877F73A7FDF84D40.jpg,1
0101000020E61000006DA2999E65553E40482AE9E761F54D40.jpg,1
0101000020E6100000BF4AE5BD8FC74240ED3DFCFF6FDB4B40.jpg,1
0101000020E610000033672211BF693E405EED607870F54D40.jpg,1
0101000020E6100000B16E54583D693E402103C504FFF94D40.jpg,1
0101000020E6100000F54131DAAC463E409CF220F1B6FA4D40.jpg,1
0101000020E6100000F66BCC9A01BD42406BCC5BDDC0D64B40.jpg,1
0101000020E6100000E7336BECBC5A3E40E6BB6682B9F54D40.jpg,1
0101000020E6100000F7467A3F18D242407A62DD4586C94B40.jpg,1
0101000020E6100000A0B7FF68C2F64B40263444732F5C4B40.jpg,1
0101000020E6100000A81C6DFE5A403E403CE8140F28FE4D40.jpg,1
0101000020E6100000E6CF0D06C4DC424097C912CB1DE44B40.jpg,1
0101000020E6100000B348F799514E3E4031801B22E1F94D40.jpg,1
0101000020E6100000E84A4B7F0B323E40DFF50EC135ED4D40.jpg,1
0101000020E6100000B2CD2D779DC64240DF18B13864DB4B40.jpg,1
0101000020E6100000BF7A3570A2BD424095BF696411D74B40.jpg,1
0101000020E610000029E936E858C3424027AB40323FE44B40.jpg,1
0101000020E61000007B4EC1B404343E4026492B4C4CF84D40.jpg,1
0101000020E6100000C595A64DC43E3E40DF418B2351FC4D40.jpg,1
0101000020E61000008C5884951CCF4240104CC615BDEA4B40.jpg,1
0101000020E61000004CA56F3720C042402DCCAFD755DD4B40.jpg,1
0101000020E6100000A7CA7BC5E8CB42404785AF84B5CE4B40.jpg,1
0101000020E61000004135E4F398823E40498B4C23DAF44D40.jpg,1
0101000020E610000031816F5B9AC742401351FD97ACE04B40.jpg,1
0101000020E6100000C9F17026D9CE4240863E37B85DD84B40.jpg,1
0101000020E6100000BAC6804FA0693E40DED78374B1F54D40.jpg,1
0101000020E6100000C94CB843C2FA4B40150FA1AA7F5E4B40.jpg,1
0101000020E6100000F827D2AC55593E40FD2F3F86BAF74D40.jpg,1
0101000020E6100000186BEA027F4C3E4090141F0CEDFB4D40.jpg,1
0101000020E61000004B3357B2D58E4840BC57363E96E54B40.jpg,1
0101000020E6100000ECABCE11C9CF4240E6EC14E038DB4B40.jpg,1
0101000020E610000049DAAE4CCF653E40BA9FBB7354014E40.jpg,1
0101000020E6100000E961265920723E40CD1EFB6857EF4D40.jpg,0
0101000020E6100000BD6B96ECD4463E40629A8EA534F84D40.jpg,1
0101000020E6100000EEEEA348EEC64240655248D4F9E14B40.jpg,1
0101000020E6100000D190A59ACF713E400B41551F24F54D40.jpg,1
0101000020E610000015575361C5C742403792645337DB4B40.jpg,1
0101000020E610000071E25F8F7F523E400050B1A9F4EC4D40.jpg,1
0101000020E6100000C8073D9B958D484065435FC351E64B40.jpg,1
0101000020E6100000B8E291615D833E4054B21D05E8F44D40.jpg,1
0101000020E6100000F39BA33DC7D54240AFD6E484A4E24B40.jpg,1
0101000020E6100000A8A2FCCDD9863E4063FF869AF2EF4D40.jpg,1
0101000020E6100000B69B5F1B11B34E40DA3C437589964B40.jpg,1
0101000020E6100000CB43DE26E74D3E40715CAAF81DED4D40.jpg,1
0101000020E61000002C99755C93D14240CD361E0947EA4B40.jpg,1
0101000020E610000066812087DBAD42403F1CAD3517EB4B40.jpg,1
0101000020E6100000BA74576C4FAD424078FCB125F8DC4B40.jpg,1
0101000020E6100000E9764A9595C54240A65281CD18E14B40.jpg,1
0101000020E6100000EB400B46BBDB4240C3C237B783D74B40.jpg,1
0101000020E6100000C58398113FC642405585DBE13CE24B40.jpg,1
0101000020E6100000648D91243C473E40907702F209FA4D40.jpg,1
0101000020E6100000CB5F0D8FBEBC4240411C4C0C87D74B40.jpg,1
0101000020E6100000D2690B3F20533E400A5686855B004E40.jpg,1
0101000020E610000099070981F7D34240527644CF77DA4B40.jpg,1
0101000020E6100000A57035998E493E409AB38A739EF44D40.jpg,0
0101000020E6100000AFE65979E4513E409D4F9E2BEAFC4D40.jpg,1
0101000020E610000049930EB370653E4047BA34B88CF94D40.jpg,1
0101000020E6100000C3F51679D3583E40C5DBA367D5F84D40.jpg,1
0101000020E6100000F9EEAF4EF0D042405A3C4D4A67E84B40.jpg,1
0101000020E61000009932D56B31433E400B406E8259F84D40.jpg,1
0101000020E6100000ADCFD757176C3E40CFEFA53736FA4D40.jpg,1
0101000020E6100000B69447C56C6B3E400B46D9E6FC004E40.jpg,1
0101000020E6100000F237161E38E2424073EA1E6747E44B40.jpg,1
0101000020E610000064A1961908D4424074FFD24E7FDA4B40.jpg,1
0101000020E6100000E8753878AE343E401803078E6D014E40.jpg,1
0101000020E6100000B9DA5AC4CF733E402091E9E24C004E40.jpg,1
0101000020E6100000ACAC00EE18683E40F75DB38A6EF94D40.jpg,1
0101000020E6100000C96679E430904840E9B2386650E64B40.jpg,1
0101000020E61000004AA34644D8423E40BD9137C8BDF74D40.jpg,1
0101000020E610000052AC3991F7773E401660270E03F94D40.jpg,1
0101000020E6100000ECCD6D97BD3D3E403FD6A2F183F74D40.jpg,1
0101000020E6100000FB590B37498E48408ED4BA8EAAE64B40.jpg,1
0101000020E610000010DA1A2DA1D04240B932101A6DEA4B40.jpg,1
0101000020E6100000DC074934BB403E404BEE9EA610F94D40.jpg,1
0101000020E6100000EF55E43D72D34240EAB8C120CEDE4B40.jpg,1
0101000020E6100000CB66F2F37D653E40064A9D8F11FD4D40.jpg,1
0101000020E6100000C5F735FA67CA424090FAD9329AE04B40.jpg,1
0101000020E6100000B997EF71CAE24240D0DAE9DEB5D14B40.jpg,1
0101000020E6100000E81276A07AD74240656F8C1147E54B40.jpg,1
0101000020E6100000A9E8DD927B6A3E401602147E44FB4D40.jpg,1
0101000020E6100000B3DCA4329DD542406EF6DC4911E64B40.jpg,1
0101000020E6100000B09AB950D1BC4240348AF97A7DD74B40.jpg,1
0101000020E6100000E055C051334A3E402CAEF4517BFE4D40.jpg,1
0101000020E61000004A18BC9E9E4B3E40BDC32A3489014E40.jpg,1
0101000020E6100000F4BAB5B4A9504E40482A86BDE6694C40.jpg,1
0101000020E6100000A776B1298AD54240E6351617FEE94B40.jpg,1
0101000020E6100000F50BF542E1B742403FB7814FF4EF4B40.jpg,1
0101000020E6100000E6F38CA849383E4048EE20DE49FA4D40.jpg,1
0101000020E6100000C050FC2265C042402F35DF1418E94B40.jpg,1
0101000020E6100000A6BD1CD198553E40BD84F1704EF54D40.jpg,1
0101000020E6100000ADA1FA25E7513E4031CCB3D9EBF44D40.jpg,1
0101000020E6100000A834F010B7633E4034DBEF327EF94D40.jpg,1
0101000020E6100000EF60914D5C6C3E401A8669C106004E40.jpg,1
0101000020E6100000E8DFAAC2D1353E4072CBB6EF2BFA4D40.jpg,1
0101000020E6100000F80AF652BD583E407C92BAEB0CF64D40.jpg,1
0101000020E6100000ACF0275D8CCE4240985C85C7D0E04B40.jpg,1
0101000020E6100000AE59EAFD1FF94B40123790F60B5C4B40.jpg,1
0101000020E6100000ED8B81FE0DCF4240C32D6BD78EDA4B40.jpg,1
0101000020E6100000EEC48908AFF94B40FB49D85EDB5C4B40.jpg,1
0101000020E61000001B74B185FA693E4001D47440C9FC4D40.jpg,1
0101000020E61000006917820578D04240E08D289415E04B40.jpg,1
0101000020E6100000E26E3EE5C0CE4240C1736BA92EE94B40.jpg,1
0101000020E6100000F3CB3F7EDF403E406863F2F4B4044E40.jpg,1
0101000020E610000058F1736799BC42407C8B1C5C59D74B40.jpg,1
0101000020E6100000AC4592C0E9463E40CB2CD05B2DF64D40.jpg,1
0101000020E6100000946181542F383E406F4950F4A7FF4D40.jpg,1
0101000020E6100000B0D5503004343E40050AB5D96AFF4D40.jpg,1
0101000020E6100000EB9DAE4751DA4240B408B82C8EE14B40.jpg,1
0101000020E6100000CD1CAEAF97EB42405EA7B4A55EE24B40.jpg,1
0101000020E61000005C78BE9C22F74B401E621E5A2D5C4B40.jpg,1
0101000020E6100000B2B5380FD9DC42402E074C70C2CC4B40.jpg,1
0101000020E61000004BF08835D55C3E405BBEDAC3B1EC4D40.jpg,1
0101000020E6100000CA60FC9C91D54240AED4CF7503E14B40.jpg,1
0101000020E6100000B63B5F443F5D3E40F7CCDE8EFAF84D40.jpg,1
0101000020E6100000BC5E16EA1B653E40BA61134DABF94D40.jpg,1
0101000020E6100000B94FAA57B3C5424055A54EBC9ADA4B40.jpg,1
0101000020E6100000F9FF8F185FCA4240613926B142D84B40.jpg,1
0101000020E61000009DB4BF9F99C14240BA0E4F5BD5DD4B40.jpg,1
0101000020E6100000EE934D0098C74240BF3FFE025CDB4B40.jpg,1
0101000020E6100000A663150982CE4240A41042EC7EDD4B40.jpg,0
0101000020E61000003BC2187A8C563E4040B8BEEC37F64D40.jpg,1
0101000020E6100000EFAD31B05ACB4240B81918C02EE04B40.jpg,1
0101000020E6100000F881929F60353E409463946265F84D40.jpg,1
0101000020E6100000AD2E7212F45E3E405DDACEC91B054E40.jpg,0
0101000020E6100000AD94545C0B4E3E405F52DDA5D2F94D40.jpg,1
0101000020E6100000B6297C8856E74240B5DE49ED40DE4B40.jpg,1
0101000020E6100000B356C61C0A343E40C654C25F48F84D40.jpg,1
0101000020E6100000E2DF2DB12EB5424067B848742BD94B40.jpg,1
0101000020E6100000633530CE6CC14240191D742F0EDE4B40.jpg,1
0101000020E6100000C647E4EB0D4F4E40BC212527E7694C40.jpg,1
0101000020E6100000CF91DE353D593E403F8BA5487EF64D40.jpg,1
0101000020E6100000F78B5DCBF9C6424098601F3AD0DB4B40.jpg,1
0101000020E6100000D038F3FCC0C6424065E4998858DB4B40.jpg,1
0101000020E6100000B8B3B4F581583E4071967B49AFFD4D40.jpg,1
0101000020E6100000F869D2296CC34240F00E2396AAD94B40.jpg,1
0101000020E6100000EE103E1569C6424036050C74A8DB4B40.jpg,1
0101000020E61000001E8F2D8CF3C04240812082A2E0DD4B40.jpg,1
0101000020E6100000C7B5DEC534483E40BBC2557A7AF64D40.jpg,1
0101000020E6100000CAED105FE3B24E40667061CB95964B40.jpg,1
0101000020E6100000F6FD780893C8424052FC1F2DFCE04B40.jpg,0
0101000020E6100000C3C8D2543DD3424007CDF0977DCB4B40.jpg,1
0101000020E6100000DDAD225FA6FB4B4003687068455D4B40.jpg,1
0101000020E6100000E19A3BFA1FFA4B4072FE7C149B5D4B40.jpg,1
0101000020E6100000AA204B8E17D24240B6FAD8C704CB4B40.jpg,1
0101000020E6100000DDD1BD56DB663E40EEC7FF7ACBFA4D40.jpg,1
0101000020E6100000A7E08B57A2B84240F522B77F55E94B40.jpg,1
0101000020E6100000AEA5995160CF4240D6EDCD1E51EB4B40.jpg,1
0101000020E6100000FA1B15816FB24E40D132C7FC20964B40.jpg,1
0101000020E61000007BC05D7273CF424036CEBA07A7E34B40.jpg,1
0101000020E6100000A521F47D02413E40AAB70B6FC4FC4D40.jpg,1
0101000020E6100000AE610FB871D6424091087E3536DF4B40.jpg,0
0101000020E6100000F0C78F264EF84B40A5A52769D45B4B40.jpg,1
0101000020E6100000B0C2C8F3624A3E40CE7C2F07BFF54D40.jpg,1
0101000020E6100000B007D246E7C64240C9B7BB2AF7DB4B40.jpg,0
0101000020E6100000A79B1FDAE2C6424087C40033E6DB4B40.jpg,1
0101000020E6100000BFDD5A7291D542409D201C7901E64B40.jpg,1
0101000020E6100000AE4E96A6FD633E40C3C36AE2D3FC4D40.jpg,1
0101000020E6100000A3AE43A241653E4090DD6003FDED4D40.jpg,1
0101000020E6100000329E012858403E40A82100F160FC4D40.jpg,1
0101000020E6100000CBB7DE398B363E4066477AB6A6FF4D40.jpg,1
0101000020E6100000ECBC9FB04ACD42404B041CD5F8EA4B40.jpg,1
0101000020E6100000B933ED44C44D3E409C1B4A22B8F74D40.jpg,1
0101000020E6100000C1B1A17AEF523E408BEB1F1141F04D40.jpg,1
0101000020E6100000F50B20C3FDDB4240ECE5D2533FE14B40.jpg,1
0101000020E6100000F9CA0F9E01C74240A40F1933E2DB4B40.jpg,1
0101000020E6100000B538777C7A4A3E405CF8525CBBF64D40.jpg,1
0101000020E6100000B2324FEB0CC74240EFCECD4395EA4B40.jpg,1
0101000020E6100000B29B987C533D3E40DE0BA38B13FE4D40.jpg,0
0101000020E6100000F9D33C0347323E40A67967B70DFE4D40.jpg,1
0101000020E6100000B29A2DA7A4C6424022204D5F49DC4B40.jpg,1
0101000020E6100000BAC53B41943D3E4053831AD269FB4D40.jpg,1
0101000020E6100000E9525E5621B2424067E890B535E74B40.jpg,1
0101000020E6100000FA1423F2AD6A3E40B5A190D42AFD4D40.jpg,1
0101000020E6100000C149DA5A4D563E40EEA8D1AEB9074E40.jpg,1
0101000020E6100000F120B252055A3E4052204E8842F84D40.jpg,0
0101000020E6100000E9236A4E504E3E40609AD379D5FE4D40.jpg,1
0101000020E61000001059E1EC4FF0454079C03A631F2A4C40.jpg,1
0101000020E6100000B6764A2300D042409F0085D82BE04B40.jpg,1
0101000020E6100000DD644236CAC34240CDB17A8F8CE44B40.jpg,1
0101000020E6100000EA64CC0453FA4B4051757E40D65D4B40.jpg,0
0101000020E6100000F3900358DF4C3E400B12A33365F64D40.jpg,1
0101000020E6100000C1E0BB49A3CE4240655A8E9C74EA4B40.jpg,1
0101000020E6100000C5CA6D9DAD6D3E4025A8D2306BF34D40.jpg,1
0101000020E6100000C6AAE8DF134B3E406D5414A0C7F44D40.jpg,1
0101000020E6100000C1A0B73E8DD54240BE64FA5D0CE64B40.jpg,1
0101000020E610000011E85B05C2D1424048FEDCA7D5D84B40.jpg,1
0101000020E610000049C5F7ACC8D242408720AE6C44EA4B40.jpg,1
0101000020E6100000A8900FA0FD413E40E310C57278F74D40.jpg,1
0101000020E6100000BF81A87F39473E4025A4F6A199FC4D40.jpg,0
0101000020E6100000C645DE071AD542401469DB63BBE24B40.jpg,1
0101000020E6100000A700BD152E483E40C74064B2B4F84D40.jpg,1
0101000020E6100000F979BE2C0E633E40A53557E4CFF84D40.jpg,1
0101000020E6100000A0AFC3123BDC42401C4FBF9CBDDF4B40.jpg,1
0101000020E6100000F9DBC4E7D3673E4036B05582C5EB4D40.jpg,1
0101000020E61000008960F69417553E40C564F3364BEF4D40.jpg,1
0101000020E6100000F6AA8E4FDA423E40BF082C1685F64D40.jpg,1
0101000020E6100000CB58118EC9DA4240F8E1623D5CE24B40.jpg,1
0101000020E6100000BE62C9F9BBCE424041244BFFB5EA4B40.jpg,1
0101000020E6100000F39E7CDA1E444640A4559A85175B4840.jpg,1
0101000020E6100000EF6FAA971AD24240DC83CE73DDE14B40.jpg,1
0101000020E6100000F200BB3FC3F64B40EF24A835DB5B4B40.jpg,1
0101000020E6100000F25CAF4EED303E40D84F133E1AFE4D40.jpg,1
0101000020E61000003B1AEA2459CF42408EBFB2A724E04B40.jpg,1
0101000020E6100000799E9BDDAA753E40E0C98D7332F44D40.jpg,1
0101000020E6100000F6105FB635313E403E60110863FF4D40.jpg,1
0101000020E6100000ACFB46C2DE263E403A917746CFEC4D40.jpg,1
0101000020E6100000E19118078EC642401A21ED93E4E14B40.jpg,0
0101000020E61000004A7F9C2176514E40443B9A2F1E6A4C40.jpg,1
0101000020E6100000B2A7369BBB543E40780B70B643054E40.jpg,1
0101000020E6100000B7D1B44F3D663E4082915F8BD2014E40.jpg,0
0101000020E6100000E732B94182D342407E21FD5960CB4B40.jpg,1
0101000020E6100000BC444BD779D342408D6EC460ECE04B40.jpg,1
0101000020E61000006400EAFE18C742402D6A9AF122DB4B40.jpg,1
0101000020E6100000C650747BCEC1424083F54A1CE3DD4B40.jpg,1
0101000020E6100000BEF2E1D881373E407A1BEC64E8FC4D40.jpg,1
0101000020E6100000AD477C4F2EC24240193EE089B2E94B40.jpg,1
0101000020E6100000E384A477F3C84240392E8AEEBEE04B40.jpg,1
0101000020E61000004075EBB6FDCC4240756E0D7E78DB4B40.jpg,1
0101000020E6100000AE83F05938453E40F4CF2A385EF74D40.jpg,1
0101000020E61000007B8B33F8CEBF42402567680960DD4B40.jpg,1
0101000020E6100000AE02C18B5AD242402D9FB2884BE14B40.jpg,1
0101000020E6100000AC36FFAFFAC7424026D7C6387CEA4B40.jpg,1
0101000020E6100000A5A86DA29ACE42406420885993E04B40.jpg,1
0101000020E6100000AEF80CFC36D2424056F2231169EA4B40.jpg,1
0101000020E6100000AA3E344C9D253E40AC2DAC8312ED4D40.jpg,1
0101000020E6100000E13783941FD042401F0424670FE04B40.jpg,1
0101000020E61000002B93F15ACF373E40A185BDB6A2FA4D40.jpg,1
0101000020E6100000C011932694443E408132C88804024E40.jpg,1
0101000020E6100000F3CF88A95F3C3E40CDA8276324FA4D40.jpg,1
0101000020E6100000C6E091130ECD424014AF451A3BE04B40.jpg,1
0101000020E610000084B167CAACDA424075CBC2628AD04B40.jpg,1
0101000020E6100000F00584DB3CD24240E7786ACD8DE24B40.jpg,1
0101000020E6100000F661A1FCFBC042409F6C6AA3F1DD4B40.jpg,1
0101000020E610000071CC0DE1F3613E40CC0D441E1AF94D40.jpg,1
0101000020E6100000F90804537044464032D1C2938D5B4840.jpg,1
0101000020E6100000C7712E6563CA4240223BEB2A8FE04B40.jpg,1
0101000020E61000000E863AAC309048409DC789F84CE64B40.jpg,1
0101000020E6100000D0313ED117D64240247834EF67E14B40.jpg,1
0101000020E61000000E41FE6787633E407CC6E62C71F64D40.jpg,1
0101000020E61000004A09088086653E401B2D952440FC4D40.jpg,1
0101000020E610000043285E81C2323E4037F0A51B21ED4D40.jpg,1
0101000020E6100000A6A9425C69E04240F9C4EB0E6ADA4B40.jpg,1
0101000020E6100000E8B60F3C68563E40DA4E6D06FEFB4D40.jpg,1
0101000020E6100000EAB34A83375F3E4069EB15537FF94D40.jpg,0
0101000020E61000002F286E3D4CDC4240F67FA156F7E34B40.jpg,1
0101000020E61000006B15CF69AED14240CD4C1246D1E94B40.jpg,1
0101000020E6100000C16BA91958623E40D759C21404F94D40.jpg,1
0101000020E6100000923FD65B9CD242401325171F03EA4B40.jpg,1
0101000020E61000001353B234A1533E40C7AC6F445DF24D40.jpg,1
0101000020E6100000E86D55DAEEC7424079167D385AEA4B40.jpg,1
0101000020E6100000BFCEF79AF8DA4240CE06456516D04B40.jpg,1
0101000020E61000005E89E2830EC5424054D47F2704DF4B40.jpg,1
0101000020E6100000E97C0641B8CA42408380F6CF05D84B40.jpg,1
0101000020E6100000AFF5217C634346400F516BEBFE5A4840.jpg,1
0101000020E6100000B95C8D84E74D3E40617D2C120DF84D40.jpg,1
0101000020E6100000714889AE624446404BD2B15A8B5B4840.jpg,1
0101000020E61000003910EDBEFEC84240F22977D495DA4B40.jpg,1
0101000020E6100000E1C032D681CF424053FE09BC00E44B40.jpg,1
0101000020E61000000D84712B156A3E407120451981FD4D40.jpg,1
0101000020E6100000BDB79B404EC8424094112E1CBCEA4B40.jpg,1
0101000020E6100000BE2D02AAD25E3E4026AEE99580F74D40.jpg,1
0101000020E6100000CD0FA00287503E40B5D1D35C7BFA4D40.jpg,0
0101000020E61000007B03C9C438DC42402A75F9711CE54B40.jpg,1
0101000020E61000009CC8945BCF6A3E40916C1D3881FF4D40.jpg,1
0101000020E61000008093333585CF424076AF904224E04B40.jpg,1
0101000020E6100000F83674E8F1504E40F8D06BD7B7694C40.jpg,1
0101000020E6100000D0D3A608B5C642404DE8F8DF3FDB4B40.jpg,1
0101000020E6100000CFC2C9F614B34E40F2B2AA4EDC964B40.jpg,1
0101000020E6100000BC5FAC3F27D8424011C23138FBDD4B40.jpg,1
0101000020E6100000E412986587333E409EF38355DDFF4D40.jpg,1
0101000020E6100000E49077882BC14240C2DF0E58E2DD4B40.jpg,1
0101000020E61000000DC7656F78C0424011F5A6152BDD4B40.jpg,1
0101000020E6100000E6AA60F127773E402A8EB72091F24D40.jpg,1
0101000020E6100000F95A1E0BD47B3E400997B148E3F74D40.jpg,0
0101000020E610000088DDEE1A71C6424077A80697D7EA4B40.jpg,1
0101000020E6100000E59D4D8B1DC74240DB77D0E248DB4B40.jpg,1
0101000020E6100000B8A4B448A4BD42401AB770D70DD74B40.jpg,1
0101000020E61000004A01C2B78BCF4240E3B35B1CECE24B40.jpg,1
0101000020E6100000E3D01668DB3E3E403B0003BD47044E40.jpg,1
0101000020E6100000A8EACF9288463E403D39A02B25F94D40.jpg,1
0101000020E6100000EE08813E0CC64240F56E400C73E54B40.jpg,1
0101000020E610000089DBEFF021D24240E3E488F995E94B40.jpg,1
0101000020E610000078F81C6CF23E3E40497DB74BEBFB4D40.jpg,1
0101000020E6100000C86939E4276D3E40586A11DFB6FC4D40.jpg,1
0101000020E6100000829496996BD242400800172F19D94B40.jpg,1
0101000020E61000009F5F5CF660683E400629F78923F94D40.jpg,1
0101000020E6100000B89794B897C4424006498301A2E44B40.jpg,1
0101000020E6100000F2A76522A7463E400E10C25FB0FB4D40.jpg,1
0101000020E61000000101A0C7BEC142401BD08EF8EEDD4B40.jpg,1
0101000020E61000005AAAF123D5BF424078F73F415BDD4B40.jpg,1
0101000020E61000005047F054BAD042407D908116F4E94B40.jpg,1
0101000020E6100000AC80A81F47CE42405C0C37431EEA4B40.jpg,1
0101000020E6100000F818E99B2DD642408FBB0B0B23E14B40.jpg,1
0101000020E6100000E1965F6B4EC7424079357813C7DB4B40.jpg,1
0101000020E6100000A9F7334012D14240F78478667AEA4B40.jpg,1
0101000020E6100000536438945D513E4001F72D54ADFD4D40.jpg,1
0101000020E6100000BCAFC5CCD0D3424089C944DFD7E04B40.jpg,1
0101000020E610000010B6A04315D342408C48CD848ACA4B40.jpg,1
0101000020E6100000CCD7953126D442405DBB29EF67E04B40.jpg,1
0101000020E61000007A3844869C8D4840D4AEF0CB6CE64B40.jpg,1
0101000020E6100000CD0FA002074B3E40E4D2E95AAAF44D40.jpg,0
0101000020E6100000F791A268BACA424035AA3E1D30EC4B40.jpg,1
0101000020E610000035BF4604768E48405213DDB0B6E64B40.jpg,0
0101000020E610000049A8C552F7F94B4097601D39255B4B40.jpg,1
0101000020E6100000D555D0A0E0453E404FBB3284F0F74D40.jpg,1
0101000020E6100000BAACC4672BCF424005E18BA829E44B40.jpg,0
0101000020E6100000B6833209EE663E40F14D24AF86FB4D40.jpg,1
0101000020E6100000C2D1119DBE413E402593DC2CE1FE4D40.jpg,1
0101000020E6100000BC1CF55E1C643E406C3BA07EAD024E40.jpg,1
0101000020E6100000C2B3654291CD4240A7FD20DCEEE24B40.jpg,1
0101000020E6100000C7D85A7680D44240C3D300E5FCDF4B40.jpg,1
0101000020E6100000C45A7751467A3E4026FFFBA2F0F24D40.jpg,1
0101000020E61000009DE37644126E3E405349E6561DFF4D40.jpg,1
0101000020E61000007F916042B63C3E406B00763BA9FC4D40.jpg,1
0101000020E6100000E5248593E3503E4023312A71E9F64D40.jpg,0
0101000020E6100000F187978E16DD4240F266DFA5ACF04B40.jpg,1
0101000020E6100000A8E7C6BC5A3A3E40B09DC7DF38024E40.jpg,1
0101000020E6100000ADD799E7AD8F4840A4D5DA45A2E54B40.jpg,1
0101000020E6100000B3841A5D9CD0424053C959084DE84B40.jpg,1
0101000020E6100000BD1858348E673E407409C9FA74034E40.jpg,1
0101000020E6100000EAE9D76102D44240302233123FE04B40.jpg,1
0101000020E61000004BF6F852B2C04240AA5C730A5CDD4B40.jpg,1
0101000020E6100000E3815985B3CF4240CBAE792A27E24B40.jpg,1
0101000020E6100000CF8D9F7C70514E40A481E0702D694C40.jpg,0
0101000020E610000085005F581E90484084CB58A471E64B40.jpg,1
0101000020E610000016AE607E1BF74B407EA1A044265C4B40.jpg,1
0101000020E6100000C72B992E874F3E40DADEA13AB3F44D40.jpg,1
0101000020E6100000D0529D01BADC4240BDFC442166D04B40.jpg,1
0101000020E6100000BAFC9BD842514E400DD8F9AA61694C40.jpg,1
0101000020E6100000C7E71DC085863E40F533ED493DF04D40.jpg,1
0101000020E6100000ADED0CA4A2A03E4095EAEE79FF034E40.jpg,1
0101000020E61000004B5ACB46A2CF424043C00D7042EB4B40.jpg,1
0101000020E6100000A8B767DFDA413E4014E4EB5B7BFC4D40.jpg,1
0101000020E61000007CEDBA33EA393E40C12F6A019EFA4D40.jpg,1
0101000020E6100000F78ECE84DC8D4840B6E666364AE64B40.jpg,1
0101000020E6100000A5D163E2F6AD4240B139F0324FEB4B40.jpg,1
0101000020E6100000B8D7D06D0C3C3E4065D90315E4F74D40.jpg,1
0101000020E6100000F881D4BB32693E409AF02FA8CDF24D40.jpg,0
0101000020E6100000B3B07C9D21514E401CFC2F9DB7694C40.jpg,1
0101000020E6100000B116E6D76BCF4240689A94A8F5DF4B40.jpg,1
0101000020E6100000BB2B79441E483E404123E02947F84D40.jpg,1
0101000020E61000000DE9A1CA71653E409C34CB6DD4FE4D40.jpg,1
0101000020E610000021F6F87340D142400069C09FA8EA4B40.jpg,1
0101000020E6100000CB93B5977EC4424083DA657B11DA4B40.jpg,1
0101000020E6100000DC0F5C0B51C74240F1C53AFCC5E04B40.jpg,1
0101000020E6100000C3A4EBCE42C74240BB15BAF9A3DB4B40.jpg,1
0101000020E6100000E71EAF933C553E407A26F42D05FA4D40.jpg,0
0101000020E61000000BB2EEEAD8DF424078658E1A50D24B40.jpg,1
0101000020E6100000F427F471224D3E40FF3574412AF64D40.jpg,1
0101000020E6100000F34A3677A43A3E4055D66E6F82F84D40.jpg,1
0101000020E61000008DA2FA1384553E40B4292940ECFD4D40.jpg,1
0101000020E6100000AF2170D841CD4240072179170AEC4B40.jpg,1
0101000020E6100000C8697B00FA353E40E4FA7C36A0FC4D40.jpg,1
0101000020E6100000AA01FCB31C4A3E40B5DD41428DFD4D40.jpg,1
0101000020E6100000C1B1ABEC22C04240B31AEFE704E94B40.jpg,0
0101000020E61000008C20421A1DD442408F10C7B57FEA4B40.jpg,1
0101000020E6100000EEF0532CA9D542405F8F8C4C35CA4B40.jpg,1
0101000020E6100000C9076DD4EBD842402B3E4022A6E54B40.jpg,1
0101000020E6100000C57823AC73C9424081D6C44E6DE04B40.jpg,1
0101000020E6100000C86DF91DCACA424020D330352FD84B40.jpg,1
0101000020E6100000E5A1FE99D2CA424007F366F349E04B40.jpg,1
0101000020E610000079F62F251F6A3E40AA18DA4580FD4D40.jpg,0
0101000020E6100000E110A263A4453E403BF5FFACE4FB4D40.jpg,0
0101000020E6100000EF079230396C3E40499D3498BC024E40.jpg,1
0101000020E6100000D3D29DA65DC94240DCF864DC0CD84B40.jpg,1
0101000020E6100000BA1C3A33FD693E40EE6D8B1606034E40.jpg,1
0101000020E6100000CC2E6E5C2C523E400E64C1EDDE024E40.jpg,1
0101000020E6100000BB3BEE38DED24240CA4E867DD7E04B40.jpg,1
0101000020E6100000D12932B4E6683E40EC89673633F34D40.jpg,1
0101000020E61000005D4172E95AF04540C7448716122A4C40.jpg,1
0101000020E6100000EB4FD348FA3C3E40D266A4F7B0024E40.jpg,1
0101000020E6100000ED15A1CE986C3E40DD1B924604FB4D40.jpg,1
0101000020E61000004F76385C596B3E401A51DFD475FD4D40.jpg,1
0101000020E61000000A7EBBEF8FD042400C2B129C05EA4B40.jpg,1
0101000020E6100000B1EF83261B603E404036455754044E40.jpg,1
0101000020E6100000EC41221C1C514E40CC806CBFE0694C40.jpg,1
0101000020E6100000B291B96C93514E4015B60971D1694C40.jpg,1
0101000020E6100000F9CA007354D3424062F8AE5F75CB4B40.jpg,1
0101000020E6100000DDD9C102C4493E4020547C583CFD4D40.jpg,1
0101000020E6100000F0728DA625C7424011875DF56FDD4B40.jpg,1
0101000020E6100000D053D89D92DC42406765E4F441E54B40.jpg,1
0101000020E6100000B43C3F27656E3E40C6EFE2072B004E40.jpg,1
0101000020E6100000C565B40C734E3E40C5D131F483F64D40.jpg,1
0101000020E6100000A9DF649FF0CB4240602A03F510DE4B40.jpg,1
0101000020E6100000FF8AFAF9B6FB4B4016A3F0D1495D4B40.jpg,1
0101000020E6100000F73E85BE1C343E402872E9E1C9FD4D40.jpg,1
0101000020E6100000EB4643B979C74240D7ABC530F2E14B40.jpg,1
0101000020E6100000405232A359C14240C4CB7DB9E9DD4B40.jpg,1
0101000020E610000099A1217EE6C342408E57582471E44B40.jpg,1
0101000020E6100000E4EECC34BCF0454040EDD683E0294C40.jpg,1
0101000020E61000004A62E68E004346407ADA3F210B5B4840.jpg,1
0101000020E6100000A85D286DE5493E40A4A7511300F84D40.jpg,0
0101000020E6100000EDFB63668ED3424054FA1B4A73CB4B40.jpg,1
0101000020E6100000B2832E0798D04240AC7B78573CEB4B40.jpg,1
0101000020E61000005F4EBFFAAEFB4B40BC6182EA445D4B40.jpg,1
0101000020E6100000CD79D030D8453E40503E7761EFF74D40.jpg,1
0101000020E6100000ABC5689CD4423E407DA568EF50F94D40.jpg,1
0101000020E6100000B1147DC93C403E4081897FA561F74D40.jpg,1
0101000020E6100000EFD1348BC46A3E40B91E22C116F24D40.jpg,1
0101000020E6100000BFC66544788F4840DB29040F1FE64B40.jpg,1
0101000020E6100000B73E0AA9ABC842409CAFD6AC9AD94B40.jpg,1
0101000020E6100000F8A6143460613E4015F26E502E044E40.jpg,1
0101000020E6100000F30635CF93CF4240460044B559EA4B40.jpg,1
0101000020E6100000F5B8FD5FE64F3E4018A18E7DBFFA4D40.jpg,1
0101000020E6100000EED7021A234E3E40A1FDA3CA0BFE4D40.jpg,1
0101000020E610000048BBE863F2D34240F0B7AD955FEA4B40.jpg,1
0101000020E6100000AEA5B5A68FB24E40DE0307C35F974B40.jpg,1
0101000020E6100000F50A8F26AC513E400E8C3874A5F64D40.jpg,1
0101000020E6100000B6BCDF599CC142406954B02B05EA4B40.jpg,1
0101000020E6100000EB36730B07403E408BE8163BD3FB4D40.jpg,1
0101000020E6100000F648FAE93CCF4240245B23A3FFE24B40.jpg,1
0101000020E6100000E9B242D8C33F3E4096F14534E7FC4D40.jpg,0
0101000020E6100000B6905C0BEE403E40A1830DD367F94D40.jpg,1
0101000020E61000009CFFF4F23DCF4240BBA5B683BAE04B40.jpg,1
0101000020E6100000BCDE00AA6D603E4000ACE41C22044E40.jpg,0
0101000020E610000036D34DFA6C434640A90207175F5B4840.jpg,1
0101000020E61000000D292FC725FA4B406005B199A75D4B40.jpg,1
0101000020E6100000E3E98D41C4513E40445DCC1864F04D40.jpg,1
0101000020E6100000AC55230A196C3E406AD590B38EF64D40.jpg,1
0101000020E6100000B6B623AE79CF4240858D6E61F6DF4B40.jpg,1
0101000020E6100000BF2084A8C45B3E4047846F2F23F94D40.jpg,1
0101000020E6100000C2292A1D17E142402956B7C123DD4B40.jpg,1
0101000020E6100000227AE78AB1C34240B1F71FEFCED94B40.jpg,1
0101000020E6100000BDEEAF4937BD4240B74C9F805AD74B40.jpg,1
0101000020E6100000B69515C5D6B14E4013A286B37E964B40.jpg,1
0101000020E61000000A6C6B9778CF42408D56BD156CDD4B40.jpg,1
0101000020E6100000BEC82CC4E8C642405B54FBDCDFE04B40.jpg,1
0101000020E6100000C4F3BC9551D54240E393FA240AEA4B40.jpg,1
0101000020E6100000B49ECED388D9424063F5E4EDCAE54B40.jpg,0
0101000020E6100000EDB14D5A93DA4240339B2D447AE24B40.jpg,1
0101000020E6100000166DBEACB1613E40CCE64E0978F94D40.jpg,1
0101000020E6100000EDF46765194D3E40611F861EBDF54D40.jpg,1
0101000020E6100000861CE4C06E5F3E405CB743EEA2024E40.jpg,1
0101000020E6100000DD3B72BD90CE42404623EBE541DD4B40.jpg,1
0101000020E6100000A98B1E3CB6643E405E3FC7BED9FA4D40.jpg,1
0101000020E6100000FA0BA54569523E40BD98AF900EFB4D40.jpg,1
0101000020E6100000AAE3633DD66E3E40020EA603C7F24D40.jpg,1
0101000020E61000004A30EE69FB533E40DFF96BD01CFA4D40.jpg,1
0101000020E6100000C96CDAD620D44240F2D5E4E255EA4B40.jpg,1
0101000020E610000057DBE70D04C742407A84EE20E3DB4B40.jpg,1
0101000020E6100000EBB7235A7A453E403426F2943DFC4D40.jpg,1
0101000020E6100000AE6160FF70D542404155EFEA41E34B40.jpg,1
0101000020E6100000C08FC390B7BC42409FA682C9CED64B40.jpg,1
0101000020E6100000E1021F6F31D24240C5B4888B10D94B40.jpg,1
0101000020E61000004754526EB5D6424026056CC00DE64B40.jpg,1
0101000020E6100000C3DFE01F776B3E40A431BD71D0F94D40.jpg,1
0101000020E6100000C5CCBA56AD3E3E40888ED87FC1FD4D40.jpg,1
0101000020E6100000B2CE89215F653E4091F5134FAFF94D40.jpg,1
0101000020E6100000A6EEA46735C7424050BBA4D9D8DB4B40.jpg,1
0101000020E6100000AAFE4D97E13E3E40ED1CA28887FC4D40.jpg,1
0101000020E6100000C31D72AAEA4B3E401CB93B5914FD4D40.jpg,1
0101000020E6100000EE1EDD5E0B533E4044B9F5195EF84D40.jpg,1
0101000020E6100000E21C70BB226A3E4052F8ED9DF1F24D40.jpg,1
0101000020E6100000212620A7A1FB4B40DF07B519465D4B40.jpg,1
0101000020E6100000E69041DFF7C24240833A70C4D6E44B40.jpg,1
0101000020E6100000A671D5608DCD4240F45A694F92DF4B40.jpg,1
0101000020E6100000D09E3D2A8D4446407B18851DB95B4840.jpg,1
0101000020E6100000B9F8A1F316523E40EEFF589280044E40.jpg,1
0101000020E6100000C5D57A1FC4D342405E3055BCD3CA4B40.jpg,1
0101000020E6100000B18C385D09D04240FBDC1A2238E04B40.jpg,1
0101000020E61000004BAD5A46E8B24E405665B94E9E964B40.jpg,1
0101000020E610000065710EBD963D3E40A0BFA5A329014E40.jpg,1
0101000020E6100000BCA074D833C64240E5BCC7E534E54B40.jpg,1
0101000020E6100000CC90A45008703E4027FC405C73EF4D40.jpg,1
0101000020E6100000BB3D57478DC242404835F669F8E04B40.jpg,1
0101000020E6100000E4D8A5060DE04240BA1482159AD54B40.jpg,1
0101000020E610000002D044B2E9CD4240A0CC9AB359DE4B40.jpg,1
0101000020E6100000C7B10237A3C4424071F113AE57E64B40.jpg,1
0101000020E6100000ACBFF00D6FC442408FC9848D22DA4B40.jpg,1
0101000020E6100000B8E0A7D218CC424026F3FA594DE44B40.jpg,1
0101000020E6100000E35CDCA92DDA4240C027A3B88DDE4B40.jpg,1
0101000020E6100000F72F76E611333E4086E567D490004E40.jpg,1
0101000020E6100000E8596C3A12CE4240E18FC69494DF4B40.jpg,1
0101000020E6100000CBC9C6AEAD444640D625227DCC5B4840.jpg,1
0101000020E6100000A728CCB83FC74240C5D04A57F9DB4B40.jpg,1
0101000020E6100000AF6690C73BC74240F099151F99DF4B40.jpg,1
0101000020E6100000C166F05F6F333E40A06954A3C1FD4D40.jpg,0
0101000020E6100000A5F51A2F1B553E401E36F97C80FE4D40.jpg,0
0101000020E6100000CCEDA00AA6D042408763EE3EADD94B40.jpg,1
0101000020E6100000EC1721797DF04540AFAFDD8C062B4C40.jpg,1
0101000020E6100000B2939E425EC14240836976AFA3DD4B40.jpg,1
0101000020E6100000BCB5ACF88F653E4003BCFDA04BFE4D40.jpg,1
0101000020E610000084457D466DC64240F8DEF63C73DB4B40.jpg,1
0101000020E6100000C237781F3ADB4240812A82C049E14B40.jpg,1
0101000020E61000000D5216DC14C34240BCA3E0D89CE44B40.jpg,1
0101000020E6100000AA9BA7149D543E40DFFFEDD0F5F74D40.jpg,1
0101000020E6100000E4D66FE902D74240162BEE6831E64B40.jpg,1
0101000020E6100000CBFB68D339D64240C87663E627E14B40.jpg,1
0101000020E6100000AC559FD1F4633E40A63A4F027CFC4D40.jpg,1
0101000020E6100000EA203DB22A493E40298214492FF54D40.jpg,0
0101000020E6100000F482A37280693E40C156A6EB4BF24D40.jpg,1
0101000020E6100000F691177671443E40189845C38AFC4D40.jpg,1
0101000020E61000001475901E59513E40B541E14418064E40.jpg,1
0101000020E6100000F691F667088F4840D1E95370B3E54B40.jpg,1
0101000020E6100000EED11BEE23C7424033E5A87B5BDB4B40.jpg,1
0101000020E6100000E76ED292D9CF42403EA2BB8440E34B40.jpg,1
0101000020E6100000B0BC320FE33B3E40667F452304FA4D40.jpg,1
0101000020E6100000EF876A0D0F514E4021147A4E51694C40.jpg,1
0101000020E6100000C61A543972583E4099A54E5477EF4D40.jpg,1
0101000020E6100000A2D5EFE02CD64240D942C0BCA8D84B40.jpg,1
0101000020E6100000D0275FC197683E40BBA7FE8340F74D40.jpg,1
0101000020E610000044E3E9927AD64240131757C7B7D84B40.jpg,1
0101000020E6100000ACB6EE28864F4E4088066E4CEB694C40.jpg,0
0101000020E6100000ED0223046B473E4064456D18CEFF4D40.jpg,1
0101000020E6100000C940AD886B743E40CC4D6937D9F24D40.jpg,1
0101000020E6100000F259856A56CD4240E3E41B5DE7E24B40.jpg,1
0101000020E6100000B64B710E44C6424096FF511A78DA4B40.jpg,1
0101000020E6100000E614DDADBE4B3E405A2C03D603004E40.jpg,0
0101000020E6100000EDB8E17753333E40154B73264BFF4D40.jpg,1
0101000020E6100000CC825195EBC64240B3B4582CF3DB4B40.jpg,1
0101000020E6100000BC33D3F03F523E40484E42C344F24D40.jpg,1
0101000020E6100000F34C37A21EF94B40F0683C41FD5B4B40.jpg,1
0101000020E6100000C91CBC903D5F3E40FBC57EAC66F94D40.jpg,0
0101000020E6100000ECB2CFCBF7C842401A4798E1C0D94B40.jpg,1
0101000020E6100000A83E6284C8D5424090ACB75E37E14B40.jpg,1
0101000020E6100000CB655C9E725C3E4094A228DF12F84D40.jpg,1
0101000020E61000009EC29D4D3F403E40CF4952469AFC4D40.jpg,1
0101000020E6100000A4E0E20E7FB44240EDA0B91EAAE64B40.jpg,1
0101000020E6100000ED00FC110ECF4240EAB6113D93D84B40.jpg,1
0101000020E6100000AE34DABE88D54240E885C9C1DDE14B40.jpg,1
0101000020E6100000ED7F2AB571E742405C16CAC418DE4B40.jpg,0
0101000020E61000008CFAC60517CA4240A22DF67D89D84B40.jpg,1
0101000020E6100000B68F1CB6DBD542403000690CEEE24B40.jpg,1
0101000020E6100000954E68B527F74B408B99ECBB3C5C4B40.jpg,1
0101000020E6100000DCE05D918C523E40E0725A8FF9EC4D40.jpg,1
0101000020E6100000CC9789B587D34240FD7C842F46E04B40.jpg,1
0101000020E6100000320828E435433E40C82D6C21D6F94D40.jpg,1
0101000020E6100000DD2EE0D79BC1424033EBE85FE2DD4B40.jpg,1
0101000020E61000000C611EFABAF94B400E2E433A815D4B40.jpg,1
0101000020E6100000D5FED1AE774A3E404C1E0DAF7DFE4D40.jpg,1
0101000020E61000007BFD1B4483423E4069F395C683FD4D40.jpg,1
0101000020E6100000B237C1CF69C54240758C931103DA4B40.jpg,1
0101000020E61000004AC8053C30B942400ED141C729E94B40.jpg,1
0101000020E6100000EC9AB49C10D342402B7173E343CB4B40.jpg,1
0101000020E6100000388553EED78F4840566BC18886E64B40.jpg,1
0101000020E61000007475D48C1D413E409F633D3E2CFA4D40.jpg,1
0101000020E6100000B363F01E0A403E405A66E609D1FB4D40.jpg,1
0101000020E6100000F4C99EC551C44240B5492CC68CE34B40.jpg,1
0101000020E6100000C567CCD3A24B3E40962FD20521FC4D40.jpg,1
0101000020E6100000F3EF5184B6D44240B49333A71ADD4B40.jpg,1
0101000020E610000024B808C167CF42400367B44B57DD4B40.jpg,1
0101000020E6100000E986FCECEDD54240E3A68F8BEDE54B40.jpg,1
0101000020E6100000B6060A4ABE513E40426E5E53A2F44D40.jpg,1
0101000020E6100000BDE9A5488FD442407101F1858CE04B40.jpg,1
0101000020E61000009ADCA1C163C142405CD4543ACBDD4B40.jpg,1
0101000020E6100000AAACB717A2C7424070288BE1BBDB4B40.jpg,1
0101000020E6100000CAB7CA55A4B24E40B7FF59D74E964B40.jpg,1
0101000020E6100000CE9BB3D3C9F94B400807B005535D4B40.jpg,1
0101000020E6100000AD20E2F37ECD42407107454E7AE24B40.jpg,1
0101000020E6100000F9720EBA5E773E40BEF2625997F14D40.jpg,1
0101000020E6100000AA6F7F7FE1C6424051414D4638E24B40.jpg,1
0101000020E6100000B14B4FB653403E40E6D1E3B0E1F94D40.jpg,1
0101000020E6100000EC456B47DC514E4069DD39A604694C40.jpg,1
0101000020E61000004E804A5DBE504E4092735D56B3694C40.jpg,1
0101000020E6100000ABFAF288A5CB424061764C6607E24B40.jpg,1
0101000020E6100000EC9A2BABF2F04540435E230AAC294C40.jpg,1
0101000020E610000067EC62D2D3D3424061A737279FE04B40.jpg,1
0101000020E6100000F0421274F6D24240D25903E78ECA4B40.jpg,1
0101000020E610000069785F0721DA424088E790C798DE4B40.jpg,1
0101000020E6100000A8AAD0402C6F3E4066F3C1FD03FE4D40.jpg,1
0101000020E61000004A59981B92504E402AFD0DA5F9684C40.jpg,1
0101000020E6100000E2433A50E8663E406F3509E389034E40.jpg,1
0101000020E6100000C384BA10B7D742409CEC39C5F7DC4B40.jpg,1
0101000020E6100000C9DFC5140F413E40CE3AD6D1A0014E40.jpg,1
0101000020E6100000E484E894F0643E40F9A387250EF94D40.jpg,1
0101000020E6100000B17C9DA1A6DD4240B67138B14FE64B40.jpg,1
0101000020E6100000ACC6750082C342406D7B415F88E44B40.jpg,1
0101000020E6100000BA645986F14A3E407A83F5A09CF44D40.jpg,1
0101000020E6100000F9D451D83CD4424086381D9BB9CA4B40.jpg,1
0101000020E61000001CBEF4123DC14240201FD616BCDD4B40.jpg,1
0101000020E6100000F20745EB0F4E3E400FDF1503DCF74D40.jpg,1
0101000020E6100000AAA7874FD7CD4240BA6F8CCF6ADF4B40.jpg,1
0101000020E6100000B2830DF96E504E404D6E798411694C40.jpg,1
0101000020E6100000C3894D03FDC34240D27831B3E0E44B40.jpg,1
0101000020E6100000C90B588EAACF4240B3A1AFE128E24B40.jpg,1
0101000020E61000008BDB0D47FCB24E40850662D90C974B40.jpg,1
0101000020E6100000BE1B610AFCCD4240F6CB1347DFE94B40.jpg,1
0101000020E6100000EADBDAA6DEC4424048D4397678CD4B40.jpg,1
0101000020E6100000CA0120C662CD42400FC9D537CCE14B40.jpg,1
0101000020E61000002808EEA548CF42407809DC2778E04B40.jpg,1
0101000020E6100000A92901E5FA793E40FA1ADAE4D6F04D40.jpg,1
0101000020E6100000CD1984CBC0483E40D9AABACDAFFB4D40.jpg,1
0101000020E6100000BA50E23BBDD3424027FDA678A8E04B40.jpg,1
0101000020E6100000C3E64E7654323E4066872308CAFF4D40.jpg,1
0101000020E6100000C41E3380D2D342404C27F33E37E14B40.jpg,1
0101000020E6100000E9D701D0DB623E40C7C3225624FE4D40.jpg,1
0101000020E610000016AC187E95C04240F3F7DE213DDD4B40.jpg,1
0101000020E6100000C4EB88B092D142403AC3E67936EA4B40.jpg,1
0101000020E6100000EE6E1CB397B24E4001BAA4742D974B40.jpg,1
0101000020E6100000F362591714B34E4063F43CB583964B40.jpg,1
0101000020E6100000AE12EAF194573E404D0505736EF54D40.jpg,1
0101000020E6100000D0BD4AE8F5693E400C1B5B8B73FC4D40.jpg,1
0101000020E610000008844FD3E4D14240B53E2E6FE3D84B40.jpg,1
0101000020E61000006186FEBD9F613E405194F3E1B3F94D40.jpg,1
0101000020E6100000D915ACD1A8B4424018870FF9A2E64B40.jpg,1
0101000020E6100000B34F9529C5C3424007E9C9FF9BE44B40.jpg,1
0101000020E6100000C4D33F4980403E40A3772AE0DEFC4D40.jpg,0
0101000020E6100000DA3AAFE6BD763E401E18D35B62F44D40.jpg,1
0101000020E6100000AC6598FE98493E407986527618FE4D40.jpg,0
0101000020E6100000A824E3FF2BC342407C1B81C964E04B40.jpg,1
0101000020E6100000C742A24087263E40916FDA7FE9ED4D40.jpg,1
0101000020E6100000C170375364CC4240A758BEF950D84B40.jpg,1
0101000020E6100000E3EC1A50965E3E40B7FFAA1ECEF54D40.jpg,1
0101000020E6100000D639DBE3D2D642406C99888E4FE64B40.jpg,1
0101000020E6100000405DE924B7C642409ECD4F16E3DB4B40.jpg,1
0101000020E6100000ED4EBBBB35C94240F4EB3D4BC6EA4B40.jpg,1
0101000020E6100000EE78685FC65B3E40DE324C12B0F74D40.jpg,1
0101000020E6100000A74374F6B8483E40345B5101F2FF4D40.jpg,1
0101000020E6100000C648547AB6C542408150FDD48FE14B40.jpg,1
0101000020E6100000323D8C09E4C642406C49CD72E7DB4B40.jpg,1
0101000020E6100000BCE22D803E373E40F7E49E04EFFE4D40.jpg,1
0101000020E6100000B0DF761510413E407E8FB316CA014E40.jpg,1
0101000020E6100000ED797D343C4F3E409B03C70F9CF54D40.jpg,1
0101000020E6100000BFA2FD3D683D3E403F01656ACA014E40.jpg,1
0101000020E6100000E50DA701C04E3E406D7BB3B430FD4D40.jpg,1
0101000020E6100000F5683D8B44703E40C4DB640352F04D40.jpg,1
0101000020E6100000C1AE146C9D593E403F439D913FF54D40.jpg,1
0101000020E6100000A25F7794ACF94B40DE87DC3C305D4B40.jpg,1
0101000020E6100000BDD15CE1BC6D3E40E1B6E62993F14D40.jpg,1
0101000020E6100000CA85B6DB2F6D3E40150E7DAA1CF64D40.jpg,1
0101000020E6100000C74C196DD2CF424000E3147BFAD94B40.jpg,1
0101000020E6100000F12A159BA9443E40109CE45B20FC4D40.jpg,1
0101000020E610000086993CB9B4CE424086303AFDF9E84B40.jpg,1
0101000020E6100000B67F778805643E40633DCC96A0FC4D40.jpg,0
0101000020E6100000F2963E836C393E406A4C7E47F1F64D40.jpg,1
0101000020E610000099828615A6443E40423B47E733024E40.jpg,1
0101000020E6100000CF2D2897BCB14E400CBA278911964B40.jpg,1
0101000020E6100000EDA846BC306E3E402E3F9B1544FE4D40.jpg,1
0101000020E61000004BE5C2884ACF4240CFE9C3C4F0EA4B40.jpg,1
0101000020E6100000BEF0CECA8B423E40DAEC57200B034E40.jpg,1
0101000020E6100000B340443568C4424060ECCC2390E44B40.jpg,1
0101000020E610000006B30CE87AC14240381C21F906DE4B40.jpg,1
0101000020E6100000A66927B5DD5A3E405C43C713E3F74D40.jpg,1
0101000020E6100000E084D5676D493E40E2F69EA623FD4D40.jpg,1
0101000020E6100000C5B78CA8443B3E409425A56630FC4D40.jpg,1
0101000020E610000084F4F8E394C942401EBED04C45D84B40.jpg,1
0101000020E6100000E0C8AB8FE15B3E404443BA3076F74D40.jpg,1
0101000020E6100000C5A95FB40A513E40534D09BB7AFA4D40.jpg,1
0101000020E6100000DCC4A537D7DD424014E1DDCC53E64B40.jpg,1
0101000020E61000001707F04681F94B4077EBAE4C755B4B40.jpg,1
0101000020E6100000D0EE906200633E404A60BAE329024E40.jpg,0
0101000020E6100000E447F7D13BD54240214E6CAD4BE74B40.jpg,1
0101000020E6100000EF31659BAC333E4054299943A2FF4D40.jpg,1
0101000020E6100000C98D1DB2D34E3E400403F182D4F44D40.jpg,1
0101000020E61000007CC0760F54CD424069B37A1FB8E14B40.jpg,1
0101000020E61000001A012972C78D48408F3D694BD7E54B40.jpg,1
0101000020E61000001D3DAEA8E9613E4001C318AFBEFD4D40.jpg,1
0101000020E6100000E7CFF669CEEF454078AA71A6312B4C40.jpg,1
0101000020E610000049AC2F8CA0423E40E2DBDA13BB024E40.jpg,1
0101000020E6100000FC3A9695AB443E40EBC443EA06024E40.jpg,1
0101000020E610000083D43C3300693E40E4C625751FFB4D40.jpg,1
0101000020E61000004407693500AE424089DA388D2DEB4B40.jpg,1
0101000020E6100000EC2A3A18054C3E40097AAF27A8FD4D40.jpg,1
0101000020E6100000C47D7CF36FD542409254DE4222EA4B40.jpg,0
0101000020E6100000381628EA8BCE4240B6C5E13E45DD4B40.jpg,1
0101000020E6100000EB62F659356D3E40CC7E24BF1AF64D40.jpg,1
0101000020E6100000F19398D7F9633E40E551BA8C0CF94D40.jpg,1
0101000020E6100000AE0BC829FD493E40EB54D89028F64D40.jpg,1
0101000020E6100000E873163F8B563E40B2AB847F35F64D40.jpg,1
0101000020E6100000BEF47A20C76A3E40EB5692E656FB4D40.jpg,1
0101000020E6100000AD7376ACFE5C3E40FEB54A1D95F74D40.jpg,0
0101000020E6100000AB4C634182313E40A777688DBEFF4D40.jpg,1
0101000020E6100000B425C4BFFCF94B40191AB22E2C5B4B40.jpg,1
0101000020E61000004A6228AB12663E40E7AA0CF2D9014E40.jpg,1
0101000020E61000004A2A3C304C6C3E400B74A43571F34D40.jpg,0
0101000020E610000009A16A9180D5424073694D0AABDD4B40.jpg,1
0101000020E6100000D13BC9E189473E40689F82546EFA4D40.jpg,1
0101000020E6100000A81906B76BC34240DE81D402C8D94B40.jpg,1
0101000020E6100000C46C39FF85D84240F8F55096B2DF4B40.jpg,1
0101000020E6100000AE8D2A23AB673E4043445DB003FD4D40.jpg,0
0101000020E6100000B162EB2BA5B44240BF210BD3A2E64B40.jpg,1
0101000020E61000000FA33ECE56523E40AEFC9743C9EE4D40.jpg,1
0101000020E6100000EC3DB329F9CE4240856B58CD9FEA4B40.jpg,1
0101000020E61000004C079CB9C8C942400CB41F4F29DF4B40.jpg,1
0101000020E6100000E87D5879C65C3E40768D33D901FD4D40.jpg,1
0101000020E61000007D093BE380743E40CD093A57DDF24D40.jpg,1
0101000020E6100000B2E4579746403E404A589F9BCBFD4D40.jpg,1
0101000020E6100000CF5FCABBC8423E40AAED213FED024E40.jpg,1
0101000020E6100000B51858A1AA4B3E4023DE868DBCF94D40.jpg,0
0101000020E61000004C1732BC316C3E40F28BADC871F64D40.jpg,0
0101000020E6100000ACC89CF25E613E40C1727F53EAF84D40.jpg,1
0101000020E6100000EBA33501E4513E40D21882238EFA4D40.jpg,1
0101000020E6100000CD1F1F697A473E40A6290C0E92F64D40.jpg,1
0101000020E6100000F85BA07CF8323E4075CC2D38B9FF4D40.jpg,1
0101000020E610000035F8A7C6DE373E40DA9AF6929BFF4D40.jpg,1
0101000020E6100000ED724C41F7C94240370E9E0414D84B40.jpg,1
0101000020E6100000264F4FDBE33F3E408376634ECBFD4D40.jpg,1
0101000020E61000005E68506247C04240BE3E701ED9DD4B40.jpg,1
0101000020E6100000E22201E7E8563E400D7C9DB802024E40.jpg,1
0101000020E6100000AA89EFD810514E40C4652461B0684C40.jpg,0
0101000020E6100000E1FC62C34ECE4240AC3A6430AAEA4B40.jpg,1
0101000020E6100000E08B487784783E405CFAC5DCDDF24D40.jpg,0
0101000020E610000084F9D76460D24240916EAC0D13D94B40.jpg,1
0101000020E6100000B40C3EBB26E2424074C88E0C40E74B40.jpg,1
0101000020E6100000E48EE8B219D24240EA3917B60ED94B40.jpg,1
0101000020E6100000E0DC64F6E7E142406ED7D444E2D04B40.jpg,1
0101000020E61000000CB8BE7A62FA4B402CDB4A590D5E4B40.jpg,1
0101000020E6100000CC77C0DAF0434640C8D48859225B4840.jpg,1
0101000020E6100000E532D39506513E4039A1D39DEEFD4D40.jpg,1
0101000020E6100000B36C342045423E40CDD8607901034E40.jpg,1
0101000020E6100000F8B535EFA6403E402C03857CFBF74D40.jpg,1
0101000020E61000004F566F81C28F4840829DC8B7AAE54B40.jpg,1
0101000020E61000005EAF25EEF5443E40B571A34C53FC4D40.jpg,1
0101000020E6100000A891596783CD4240528BDF19CFDD4B40.jpg,1
0101000020E6100000199DE7E0BD8D4840C4E49168D7E54B40.jpg,1
0101000020E6100000C0F0F1D95FC142402980E3E49EDD4B40.jpg,1
0101000020E6100000CC0900AC13763E4072263B70EDEF4D40.jpg,1
0101000020E6100000C5007FB49CC7424044866C5847EC4B40.jpg,1
0101000020E6100000C9B5E57F996A3E404857BBB68FF74D40.jpg,1
0101000020E6100000D24A8C2B4F4B3E40D283ABD1E5F54D40.jpg,1
0101000020E6100000BEAB3214B6D24240DF2CBBE6E9CA4B40.jpg,1
0101000020E6100000CB8AD979B8463E4096D7AA5A1BF54D40.jpg,1
0101000020E610000074ED5C2F85523E40618979E9F5EC4D40.jpg,1
0101000020E6100000F64C4D8770D14240DD4D2FB216EA4B40.jpg,1
0101000020E6100000284778B002CC4240C2EFCA21AEDC4B40.jpg,1
0101000020E6100000FA38DA3ED2413E40B1032BAA25F04D40.jpg,1
0101000020E6100000B5EAC144064A3E409D1B383FFC024E40.jpg,1
0101000020E6100000560B541586523E40D55D9CA22A064E40.jpg,1
0101000020E6100000D2E6AA0C72453E4081209EF7CFF74D40.jpg,1
0101000020E61000004745B5EB52633E40F79784DB7FF54D40.jpg,1
0101000020E6100000E60C922C8A514E4064E81A5EF7694C40.jpg,1
0101000020E6100000B2C8AC6753303E40BFB04B400BFE4D40.jpg,0
0101000020E6100000BC256999ED6F3E40081463F970FA4D40.jpg,1
0101000020E610000043A5B1C04E4F3E402695170325054E40.jpg,1
0101000020E610000049A79C999AB24E40E1B473A930974B40.jpg,1
0101000020E6100000BA9D9481F7D84240FEBFD8E5D5DD4B40.jpg,1
0101000020E61000004E6D392FFF413E40F6C33FD4CCF74D40.jpg,1
0101000020E6100000B8881844DE433E4090D094723EF04D40.jpg,1
0101000020E61000004A91B4CFEEF045407C2138BCCD294C40.jpg,0
0101000020E6100000C272E47E10383E4013F7508988FF4D40.jpg,1
0101000020E6100000BC504C201DCF42405D51BC5DFEE24B40.jpg,1
0101000020E6100000E7E0E55EEAC84240C9C50EE693D94B40.jpg,1
0101000020E61000004A91216C1DD24240C972BC4966E94B40.jpg,1
0101000020E6100000B6E5E77CB4C84240670191807CD84B40.jpg,1
0101000020E6100000EDC1C7070D383E407A516A1806FA4D40.jpg,1
0101000020E6100000CB54C3A94F4A3E40E53796C122F64D40.jpg,1
0101000020E6100000751BF0D3DAF94B402352A5F6FA5C4B40.jpg,1
0101000020E6100000E51A6467D1B24E404A0FC42B29964B40.jpg,1
0101000020E6100000BE3B09D769443E40BE79491A1EFC4D40.jpg,1
0101000020E61000006A6F2578D9D742409789394024F14B40.jpg,1
0101000020E6100000CAA2E83581D74240BED294C506E24B40.jpg,1
0101000020E6100000E57D8E227A773E4024AF9486D6F14D40.jpg,1
0101000020E610000003E27D6E8B8D484057520D4C45E64B40.jpg,1
0101000020E6100000B3765FBE4AE04240DD294DE5D5D04B40.jpg,1
0101000020E6100000AC91CA0508CB4240FF77493EA4DE4B40.jpg,1
0101000020E6100000E09A225D7FE242401CDC1A345BE74B40.jpg,1
0101000020E6100000CF7AB9CECDF94B406BF62E48345B4B40.jpg,1
0101000020E6100000EF5077128FD5424098E9BA970BE64B40.jpg,1
0101000020E6100000AFCBE17441C642408F2939D6EEE14B40.jpg,1
0101000020E6100000ADBDADC62244464056387F9CFB5B4840.jpg,0
0101000020E6100000CF18467759CC42408B9E121294E04B40.jpg,1
0101000020E6100000B6A9DD56CAEF4540685878D62F2B4C40.jpg,1
0101000020E6100000C5A0417A725D3E401902398EC3F84D40.jpg,1
0101000020E6100000D139BE449CC342400529807BC1E34B40.jpg,1
0101000020E6100000C70C8C709E323E40D807F4EAA5004E40.jpg,1
0101000020E61000007F4168C3F5D542403D7EE12848E64B40.jpg,1
0101000020E6100000F00CAB5C4EC242409A27BBBF58DE4B40.jpg,1
0101000020E6100000881C885018C742409E78103322DB4B40.jpg,1
0101000020E61000007D971AEDADD5424046E070684FE14B40.jpg,1
0101000020E6100000A3219C7C5EC34240E59D3136AED94B40.jpg,0
0101000020E6100000D190756139513E4035815CC17AF34D40.jpg,1
0101000020E6100000B571FE0506533E40033E3AD396F44D40.jpg,1
0101000020E6100000AD575EE05C493E4027BAFEC28A004E40.jpg,1
0101000020E6100000E812A12097553E4056AF76A291F54D40.jpg,1
0101000020E6100000C49E48C080463E40186400E585F54D40.jpg,1
0101000020E6100000FC27E5D9D88F4840D31E4841A4E64B40.jpg,1
0101000020E6100000F009606A4E4C3E40141441C707F64D40.jpg,1
0101000020E6100000C0C6957DCE333E409ED59F5011004E40.jpg,1
0101000020E610000038F13300E4C04240C66E53C760DD4B40.jpg,1
0101000020E6100000C50769D215B34E4027430C766E964B40.jpg,1
0101000020E6100000B3B0DFC75C4A3E407BA67BC31BF74D40.jpg,1
0101000020E610000003B7DC036ECE424087B0842FF8DF4B40.jpg,1
0101000020E6100000F3F47C93C73B3E40FF2F1BC0C2F84D40.jpg,0
0101000020E6100000BAB596137EB14E40119FD1DC9E964B40.jpg,1
0101000020E6100000B911F3055D4E3E4010938C76BEF74D40.jpg,1
0101000020E6100000AD330ABE734F3E40A0BA083FF0F74D40.jpg,1
0101000020E6100000AC3482BDA4613E40D2CD636C5FF84D40.jpg,1
0101000020E6100000CAF9CAD2FAD7424099E7142604D04B40.jpg,1
0101000020E6100000ECB02C127FD542401FC87C6B60E34B40.jpg,1
0101000020E6100000C20F22A79C323E40B05D352ACB004E40.jpg,1
0101000020E6100000EE31B4E100D14240CD36905E6FE84B40.jpg,1
0101000020E61000004991E7C053DC424059E3349023E54B40.jpg,1
0101000020E6100000B18CD5320E683E401E3675445CF74D40.jpg,1
0101000020E6100000A636526501C64240429D6EB022E14B40.jpg,1
0101000020E610000000D6AD15A2C04240959F0D2669DD4B40.jpg,1
0101000020E6100000EC36F944D6C9424001D0B9BF60DD4B40.jpg,1
0101000020E6100000C3D1B32B3D7E3E4031B2ED7FC3F24D40.jpg,1
0101000020E6100000F2CD5CFE486E3E4044722547E9F04D40.jpg,1
0101000020E6100000E44DC5605AC04240A9D08F72AFDD4B40.jpg,1
0101000020E6100000E4041A2ACE603E400EF9670671F54D40.jpg,1
0101000020E6100000F9F8B42553523E40FC4C62B59EEC4D40.jpg,1
0101000020E6100000A63ADDACD3383E40C4099DEE74FA4D40.jpg,1
0101000020E61000000504FEE6016E3E40C8DD4DDB72004E40.jpg,1
0101000020E6100000CFBDFE59B0C44240C92A654C93E44B40.jpg,1
0101000020E610000016CC026715D44240216F8408A2CA4B40.jpg,1
0101000020E6100000CB4C947DCAD04240B80906F6E9EA4B40.jpg,1
0101000020E6100000B865C25A754F3E4065511A6223FB4D40.jpg,1
0101000020E6100000EC48E1B9787E3E40EDBFC123D9F34D40.jpg,1
0101000020E6100000ED7F39E0DE5A3E40B0FAA74427FA4D40.jpg,1
0101000020E6100000B2B8FA0F3BD84240CC19034BABDD4B40.jpg,1
0101000020E6100000B7493839ABD9424044E898DAAFE54B40.jpg,1
0101000020E610000026695C0AD8403E40664CC11A27FE4D40.jpg,1
0101000020E6100000B324312280523E409B52B7E328F14D40.jpg,1
0101000020E6100000AB7EFBF31AD742409040A25ADBD84B40.jpg,1
0101000020E610000041146E2781593E40A42BB53768F44D40.jpg,1
0101000020E610000063E0EB31F2CC42403AFB351F78DB4B40.jpg,1
0101000020E6100000E689C916A7D3424011B6B9E035E14B40.jpg,1
0101000020E6100000E6701021ACDB42408326F97962D74B40.jpg,1
0101000020E6100000F549193166D64240EB4B80AB06E14B40.jpg,1
0101000020E6100000E88CF5FBA8504E401E0978F5D1694C40.jpg,0
0101000020E6100000C143BB842FC7424076F95F7993EA4B40.jpg,1
0101000020E61000002A0358FB73403E402C3599F6EFFB4D40.jpg,1
0101000020E61000009E7E7B9785453E40EC37523709FC4D40.jpg,1
0101000020E6100000A7CFF2623FD74240549F375785E14B40.jpg,1
0101000020E610000094275FBC5E8E4840893B79B9D1E54B40.jpg,1
0101000020E6100000C1131F44D73E3E40E07ED2E67EFC4D40.jpg,1
0101000020E6100000F6CA7DF113373E4041254938B6F94D40.jpg,0
0101000020E6100000AB085DE0B7D342406214A61D2EEA4B40.jpg,1
0101000020E6100000E2E6EC4E0B4B3E4001FAA3C689FE4D40.jpg,1
0101000020E6100000CB3B4717EDD84240937DD93B38E64B40.jpg,1
0101000020E6100000AD563F99F3C54240FA7F001240E24B40.jpg,1
0101000020E610000032945F7BF0C14240FCF8F58A01DE4B40.jpg,1
0101000020E610000001EECDFD42CF4240C5D0B7F3E7DF4B40.jpg,1
0101000020E6100000498FFD318FCF4240C818643AD0E24B40.jpg,1
0101000020E6100000F47D878E5C543E40FF6E686724EF4D40.jpg,0
0101000020E6100000685F41E6BFBC4240E2C1815601D74B40.jpg,1
0101000020E6100000AB59F06DBDD64240A51133FBFCE54B40.jpg,1
0101000020E6100000C779EB3BC0643E401B4777D3D7FB4D40.jpg,1
0101000020E61000004E3052DE7D3A3E400FD82BE562F74D40.jpg,1
0101000020E6100000B3EDAF7CE8473E40497D45F642F84D40.jpg,1
0101000020E6100000B9E34D7E0B4A3E402C6CDD386FFC4D40.jpg,0
0101000020E6100000BBB8884DF6D34240EC69F45B95E14B40.jpg,1
0101000020E6100000BAF1E45665663E4077B7EAEE05024E40.jpg,0
0101000020E6100000C6A2E433AB633E400F1C020DD7034E40.jpg,1
0101000020E61000006C968EE3CE3E3E4000871BB356FC4D40.jpg,1
0101000020E6100000F2FBF25A6D383E4056B6564E97FA4D40.jpg,1
0101000020E6100000ECA36FAC6D463E4008E85B72DEF84D40.jpg,1
0101000020E6100000460D85534FCF4240D5C77B897CE04B40.jpg,1
0101000020E6100000F0F1C5BBFCC742400A0065BE49DB4B40.jpg,1
0101000020E6100000C7937CA3D8353E40F1A9E5CC0BFA4D40.jpg,1
0101000020E6100000C9DC3DBF76503E40E7530E0031FF4D40.jpg,1
0101000020E6100000BFD4377F3FB3424001ADC600F3E74B40.jpg,1
0101000020E6100000BE85FED4FBD54240BFCAC50B6EDD4B40.jpg,1
0101000020E6100000B5E64D9929393E405E60B952CDFA4D40.jpg,1
0101000020E6100000C6F0436BE6783E400596F6E2D8F84D40.jpg,1
0101000020E6100000CF9DE9F0D3CD42409467384758DF4B40.jpg,1
0101000020E6100000C787393EA3CF42404F5A043B88D94B40.jpg,1
0101000020E6100000EB9A120E127D3E40EA5E06E7FCF34D40.jpg,1
0101000020E6100000EE7518B48CC9424096DF04073DDE4B40.jpg,1
0101000020E6100000FF45058B99253E40F36A627C36ED4D40.jpg,1
0101000020E6100000C316F52860453E4008F8A5E601FC4D40.jpg,1
0101000020E6100000C3E9BF2FB7D04240A93E6CF6FBEA4B40.jpg,1
0101000020E6100000691CF4E994D1424072F59B3D1BEA4B40.jpg,1
0101000020E6100000C25DFDA533433E40B47D49DCC3024E40.jpg,1
0101000020E6100000E0E828DCB2503E40B112B9011BFB4D40.jpg,1
0101000020E6100000EFFF2A5A15713E40A8339CD77DEF4D40.jpg,1
0101000020E6100000C54D5C7A73503E403EA88ECC58F84D40.jpg,1
0101000020E61000004BE7B94111653E40C6B5BBB620034E40.jpg,1
0101000020E6100000E63CF109CADB4240E79EEA9ACDD74B40.jpg,1
0101000020E6100000C0A7CF94B1424640A6D42A9C525B4840.jpg,1
0101000020E6100000280ED0180ED042404ABA24D63BE04B40.jpg,1
0101000020E61000003D266EEF7CCF4240DE8E6BA1F6DF4B40.jpg,1
0101000020E610000025E20B6571B84240B4D6BA4ECFEC4B40.jpg,1
0101000020E61000003C2D560C4BCF4240193F2F0A32D94B40.jpg,1
0101000020E6100000B6CAE1CD39B242406B293C422FE74B40.jpg,1
0101000020E6100000AD11F4291DCB42403DECA15765DF4B40.jpg,1
0101000020E6100000B704E810DBB14E4092F88E7A05974B40.jpg,1
0101000020E6100000B8E11761016A3E4012125FA9CBFB4D40.jpg,1
0101000020E6100000AA6C5A54045D3E402839F5BB8FF74D40.jpg,1
0101000020E6100000BD61B7DCD43D3E40AD02F935F9F84D40.jpg,1
0101000020E6100000C861657155443E40E6FD45F1E6F84D40.jpg,0
0101000020E6100000B238BA4F306E3E40FABEF2FFEEFE4D40.jpg,1
0101000020E6100000B3EF22FD4ABF42401140CF3E4DDD4B40.jpg,1
0101000020E6100000E8EC88360C413E40EC79695055024E40.jpg,1
0101000020E6100000254E849348D942400300A48F69E24B40.jpg,1
0101000020E6100000ABCB6B1D83483E40827EFD1554F84D40.jpg,1
0101000020E6100000F86FF6B8836E3E40A78DB58210FF4D40.jpg,1
0101000020E610000014AD3A7DCD5F3E40231CD6FBDDF64D40.jpg,1
0101000020E6100000CF52AA2BBC3D3E402628D68D9DF64D40.jpg,1
0101000020E6100000AA42A33E40453E40A5E16B3A88F94D40.jpg,1
0101000020E6100000E03FBA31ED3A3E403473A4DAF7014E40.jpg,1
0101000020E6100000A5650250D5DB4240D88704729AD04B40.jpg,1
0101000020E6100000F68247022AD542403A7501092CE74B40.jpg,1
0101000020E610000070D1F4D2C7543E40136CA5D5E5FA4D40.jpg,1
0101000020E6100000BC4373651C4C3E402FFC156FFAF64D40.jpg,1
0101000020E6100000E12B57CB1FD14240C2D67EC8A1E04B40.jpg,1
0101000020E6100000B01840BB6DC742402C037B0A08DB4B40.jpg,1
0101000020E6100000BAE64471FDCF4240632E4B69ADEA4B40.jpg,1
0101000020E6100000E1847CAFA5C342404EC0CDE7BEE44B40.jpg,1
0101000020E6100000E2D22E2F8B5C3E40836413F633F94D40.jpg,1
0101000020E6100000EE63863F234A3E40821093E7EFFF4D40.jpg,1
0101000020E6100000CF1CABF708CB4240FAF93898A2DE4B40.jpg,1
0101000020E6100000B69B8029BADC42402FFB549952E14B40.jpg,1
0101000020E6100000BF9FD35951D1424016754B4AB8DD4B40.jpg,1
0101000020E6100000B4DDA46C88613E409BBFE675F4F84D40.jpg,1
0101000020E6100000E73B9A18C2F94B40178BE6CE3A5B4B40.jpg,1
0101000020E6100000F7A35F5D40C642403521994D81E24B40.jpg,1
0101000020E6100000ABE80A1483D24240833F297EFFDD4B40.jpg,1
0101000020E6100000B6EECD0CEE5E3E40027A8BCE4CF74D40.jpg,1
0101000020E6100000C1D66072076E3E40AB49C70743FB4D40.jpg,1
0101000020E6100000E5E520504C663E40D1DD0B5244014E40.jpg,1
0101000020E61000006D84526F1ECF424079AEE5518EE04B40.jpg,1
0101000020E6100000AE1880D694563E4084431EAA71F74D40.jpg,1
0101000020E6100000B040C66CA1CD42409D66EE12B6DD4B40.jpg,1
0101000020E6100000FADC99A1E28F48403C6D46337AE64B40.jpg,1
0101000020E6100000BB44B3BAEE403E401B80C6B2C4F74D40.jpg,1
0101000020E6100000C4074B7CFBB14E40B6AE24BB8A974B40.jpg,1
0101000020E6100000BA170A6BB2B842405C3EB85981E94B40.jpg,1
0101000020E610000054C97C17A1423E40B55B30905EF84D40.jpg,1
0101000020E6100000AF7E04AF2AC54240EA8919A782E74B40.jpg,0
0101000020E6100000246909C2AD353E40AAD6769EAEF84D40.jpg,1
0101000020E6100000BD074DEA02C04240E22EE6DA9CDD4B40.jpg,1
0101000020E6100000CCC1FCADCE753E4079111A7F6AF84D40.jpg,1
0101000020E6100000F6C0570C08703E406542EF3429FA4D40.jpg,1
0101000020E6100000B81FCFB2D7B14E40FEC1E38203974B40.jpg,1
0101000020E6100000AE68F41CF1543E40976AC49E46FA4D40.jpg,1
0101000020E6100000E467952CB6423E40459E70EBF8024E40.jpg,1
0101000020E6100000C6EE727982CD4240AB7D74C9FCEA4B40.jpg,1
0101000020E6100000F68F2576A4D04240DF26E89E11EA4B40.jpg,1
0101000020E61000009439AF14B6CF4240A92592F297D74B40.jpg,1
0101000020E6100000B7ED25D466BC42400B36DB001FD74B40.jpg,1
0101000020E6100000EF689F6BB8CF42409E9BC94606E04B40.jpg,1
0101000020E6100000CB1987834F4A3E4072B7C3DD1BF74D40.jpg,1
0101000020E610000053E0B3610CD242408A685AB36CE94B40.jpg,1
0101000020E6100000EC651D86FDD14240B142857BC9E14B40.jpg,1
0101000020E6100000A65BFAC023773E40D5260719ACEE4D40.jpg,1
0101000020E6100000E0D769206D523E40369879B761ED4D40.jpg,1
0101000020E610000010B103DFDBD14240F9C9A4C8D2E94B40.jpg,1
0101000020E6100000B46AAFBCE6453E408BF91CCC64F34D40.jpg,1
0101000020E610000059D399D400643E40100C180BE0FA4D40.jpg,1
0101000020E6100000EB3A2E8CEF613E40E3228720B8FD4D40.jpg,1
0101000020E6100000AF62AF7F70C64240D463A2DBA7DB4B40.jpg,1
0101000020E6100000B5B15BC963C34240C0490D4CF2E44B40.jpg,1
0101000020E61000001AA8038E41523E404F5A419E20F14D40.jpg,1
0101000020E610000057FFEAE86D413E403D2DFD5383FC4D40.jpg,1
0101000020E6100000BABBA306A0663E403CEB1DE5D5FC4D40.jpg,1
0101000020E6100000CD4F74D446C1424060F3CDDDBEDD4B40.jpg,1
0101000020E6100000F6966393EBC942405F6A0AB835DF4B40.jpg,1
0101000020E6100000C20CE12650D2424077BA198CD6E84B40.jpg,1
0101000020E6100000F10112314BCB424021AB6D20E3DD4B40.jpg,1
0101000020E6100000F31D228C64C14240B92A07B5CADD4B40.jpg,1
0101000020E6100000AC96A986534F3E4084415529D6F64D40.jpg,1
0101000020E61000004A502E5374D04240D1C9DBDC1BE24B40.jpg,1
0101000020E6100000CAA95B4598B24E40785FE1991A974B40.jpg,1
0101000020E6100000E93DCD7DFD4A3E40C59AEDB144FD4D40.jpg,1
0101000020E6100000F1C3ED4206483E4011C0300DC1F54D40.jpg,1
0101000020E6100000F8D86ACA266B3E40ED995DAB48FF4D40.jpg,1
0101000020E6100000C7217349FBD24240FEA21D9AA6DD4B40.jpg,1
0101000020E6100000F35230B1D9E0424027A9F3783FDA4B40.jpg,0
0101000020E6100000C20A99264A6C3E4098A60870BAFF4D40.jpg,1
0101000020E6100000B89B3B55D9CE4240A09B939D52E94B40.jpg,1
0101000020E6100000E67C2DBF7EC4424021841F5339DA4B40.jpg,1
0101000020E6100000BA50D8C909C04240973EF008D9E84B40.jpg,1
0101000020E6100000A89E3222C4B24E402A8150BB38974B40.jpg,1
0101000020E6100000EA21A88799C4424085EB217F08DA4B40.jpg,1
0101000020E6100000BC2B6761E2D8424006F3731D0CD04B40.jpg,1
0101000020E6100000EF6F3389B84D3E4060F66ED0B7F74D40.jpg,1
0101000020E6100000C245D093105D3E40F9E078E802EF4D40.jpg,1
0101000020E6100000F35183BF58D94240A02DC9FC81E24B40.jpg,1
0101000020E6100000BE3B9C3A3B483E40EE1AD19663FB4D40.jpg,1
0101000020E6100000E078889084CD4240659EF7277ADF4B40.jpg,1
0101000020E6100000C90B4E1CB7444640AD9AA36BBF5B4840.jpg,1
0101000020E6100000F45CD716BBE24240EEEEA3486ED24B40.jpg,1
0101000020E6100000E920BC3115553E40DA6D4F448AF84D40.jpg,1
0101000020E61000007F360AFADF8D4840CABCD90F46E64B40.jpg,1
0101000020E6100000F2FAC9A190B842409DB9A3D95EE94B40.jpg,1
0101000020E6100000B8C8F1CE97813E40F3461313C7F44D40.jpg,1
0101000020E610000027528331EE693E4007564F9220FB4D40.jpg,1
0101000020E61000002A6AC628E3C34240DBCC65C642E54B40.jpg,1
0101000020E6100000CAF7C4EEC66C3E404B896E0734F74D40.jpg,1
0101000020E6100000F6170F2965D64240456196C439DF4B40.jpg,1
0101000020E6100000BB72538986C842405E93CB05C2EA4B40.jpg,1
0101000020E6100000E9907319B9403E405BF81D6AAB044E40.jpg,1
0101000020E6100000225AAC5AB23D3E40C61A17D659FC4D40.jpg,1
0101000020E610000017F4ED432FDC42402DED7132B3DF4B40.jpg,1
0101000020E6100000F87EF665A1B84240EF072A4D84E94B40.jpg,1
0101000020E6100000A71DCE6116533E407C7B60928DF34D40.jpg,1
0101000020E6100000E4DDA595C15A3E40DE2C86F499F74D40.jpg,1
0101000020E6100000755844C18ABB42408420DF5C3EE14B40.jpg,1
0101000020E6100000AF1A7E4900FA4B40AE96274F1A5B4B40.jpg,1
0101000020E6100000B4DC7BB3ABD04240C0884BC866EA4B40.jpg,1
0101000020E61000007E54BEC595513E404E816E5D21FB4D40.jpg,1
0101000020E6100000E28367DA6FD342401BB6868234E04B40.jpg,1
0101000020E6100000B986264491CF42407E11A4BA8FE24B40.jpg,1
0101000020E6100000ED06AE4BFDC742402CF0F4CE91EA4B40.jpg,1
0101000020E61000004965FC8EB0F84B4000FE4F1CC55B4B40.jpg,1
0101000020E6100000CD958D43C7BD42405B80CAB9D3D04B40.jpg,1
0101000020E6100000EF1B39B4C3863E40F929BC3B1AF04D40.jpg,1
0101000020E6100000176AD32CDE633E40E71A8776A5FD4D40.jpg,1
0101000020E6100000A9CAF98D2F9048404129B82A59E64B40.jpg,1
0101000020E6100000D3A0A581D8D34240C9203AAE8DD34B40.jpg,1
0101000020E6100000221E93095BCF424014B6411BF0EA4B40.jpg,1
0101000020E6100000E4E7E7CF3CF145400D57C5230A2B4C40.jpg,1
0101000020E6100000D066C3042F4F3E400BFDA9770CF74D40.jpg,0
0101000020E61000002A7E8EBA166B3E408901B2DA33FD4D40.jpg,1
0101000020E6100000E87A08CE4CCD42406D6F45CFDEEA4B40.jpg,1
0101000020E6100000CF1D7186EACE42401A16993C82D94B40.jpg,1
0101000020E6100000CA1F20205ED5424012122246B3E24B40.jpg,0
0101000020E6100000EA11595AFCC34240A0BA7A9498E64B40.jpg,1
0101000020E6100000F1896880FAC54240AC2737ADFBE14B40.jpg,1
0101000020E6100000C62036AC37533E403D1C4DC3EAFB4D40.jpg,1
0101000020E6100000AF0020D30CD4424009AE9E05B4ED4B40.jpg,1
0101000020E6100000C865D463785D3E40915EA96E3BF84D40.jpg,1
0101000020E6100000A5610A6C54D242405DCE7C39B9E94B40.jpg,1
0101000020E6100000B21D984BC6613E40DA1B2661F9014E40.jpg,1
0101000020E6100000EF609606164C3E40E73751EDC1F34D40.jpg,1
0101000020E6100000A59E26AFE5C742404D96111941DB4B40.jpg,1
0101000020E6100000F6FA1EEBE5613E4052C19778F6F64D40.jpg,1
0101000020E610000031409897A0D542403960064C28E14B40.jpg,1
0101000020E61000004B23FE1285493E40B656952C10F84D40.jpg,1
0101000020E6100000B2083A64C7573E40EA03E0D7FCF74D40.jpg,1
0101000020E6100000C04FF930ABC942407A9E000951DF4B40.jpg,1
0101000020E6100000F4E236AD234B3E40356CBCBD29F84D40.jpg,1
0101000020E6100000CAC4AD8218C7424046429DEA77E24B40.jpg,1
0101000020E6100000C47557391E8F4840ED137ADC3BE64B40.jpg,1
0101000020E6100000C263E4D1323D3E4026323E8FBBF64D40.jpg,1
0101000020E6100000B4BD1DAE43513E40CD553539A3F14D40.jpg,1
0101000020E6100000B2EDC15F245F3E4058C712528EFC4D40.jpg,1
0101000020E6100000E924B415D6CD4240DCFBB48706E94B40.jpg,1
0101000020E6100000E6B0DA8038CE42408A58BFF789DE4B40.jpg,1
0101000020E6100000C261925F39D442401BC3F759C0CA4B40.jpg,1
0101000020E61000008AAB6F05B9F84B4031A3A6FD995B4B40.jpg,1
0101000020E610000063D8DD1356D34240C39C0DEA3CE24B40.jpg,1
0101000020E610000032F607C534DC4240B4631B9F26E54B40.jpg,1
0101000020E6100000BCF99E75F3504E40D27E8A3408694C40.jpg,0
0101000020E6100000E46805BB9E693E406CC29FDC54FD4D40.jpg,1
0101000020E61000008D36109004343E400A9A6166C9FD4D40.jpg,1
0101000020E6100000B8AD49919EEF4540ED53D79F192B4C40.jpg,1
0101000020E6100000C38DBCF51FDA42406968EFCBDADE4B40.jpg,1
0101000020E6100000C4AA9597E9503E40C7A3A509D3F54D40.jpg,1
0101000020E6100000A7E2CE9E2E4D3E40E8A23D3841F54D40.jpg,1
0101000020E61000002A6042D2D5D342406F96A9819AE04B40.jpg,1
0101000020E610000066148458A1C74240C4D9C60293DB4B40.jpg,1
0101000020E6100000B80FA64CDD723E408DA0F9E8C9EF4D40.jpg,1
0101000020E61000000974D26DDCBF42407FC5ECF546DD4B40.jpg,1
0101000020E6100000BBEC3AC8A96A3E4063F9F0B5B2FD4D40.jpg,1
0101000020E6100000CE05B9813ED142407B2551AE37E14B40.jpg,1
0101000020E6100000C37BBDE4C7B24E4044146D701D974B40.jpg,1
0101000020E6100000B2C15F1FDFCA4240C66FF84719E14B40.jpg,1
0101000020E6100000A9588397E35D3E407FF4F7994DF64D40.jpg,1
0101000020E6100000E1DEFA85DEC34240370076C913D74B40.jpg,1
0101000020E6100000C822DB665B8E4840BBF8EF82C7E54B40.jpg,1
0101000020E6100000B2804BF80C3C3E40C905D94560024E40.jpg,1
0101000020E6100000EE5F84E96EDC42404C241AA21FE54B40.jpg,1
0101000020E61000007BB73F389B8E48407330C6809FE64B40.jpg,1
0101000020E6100000B73EDF288FD542401E19F2A24BE24B40.jpg,1
0101000020E6100000EEA7E558F5673E40B0DF04C0E7ED4D40.jpg,0
0101000020E6100000BDD52EFE9A553E40A0BA387806FA4D40.jpg,1
0101000020E6100000E1C7549E99433E40A13F37ABF3F64D40.jpg,1
0101000020E610000023A95C1318623E40E3F1E2346CFB4D40.jpg,0
0101000020E6100000BC8821FF6DD44240839148EF1CE24B40.jpg,1
0101000020E6100000FCA5D3276AF045407FE17E88592A4C40.jpg,1
0101000020E6100000CF9F0B2A77CF424043A519A4C3D94B40.jpg,1
0101000020E6100000B3CDC59328CF42402152E511A2D34B40.jpg,1
0101000020E6100000EACDEFCEF6CE424054D70C3696DE4B40.jpg,1
0101000020E6100000215F3A943E463E4023FFBA3D02F94D40.jpg,1
0101000020E6100000A9786D80E3AD4240D6F05A2D23EB4B40.jpg,1
0101000020E610000064C79FD8E5C24240199F138CD4E44B40.jpg,1
0101000020E6100000CF4452B725C7424005C6DEB176E04B40.jpg,1
0101000020E6100000988A76DDA7533E401D5CAC3BE5FB4D40.jpg,1
0101000020E6100000BACDFDD02AC24240A7E4D93BDCDD4B40.jpg,1
0101000020E61000003262A101B5683E40559034F218F94D40.jpg,1
0101000020E6100000B6A6200F624F3E401AC56068EFFA4D40.jpg,1
0101000020E610000011A789FA41D94240E50609720CD04B40.jpg,1
0101000020E6100000ACE81EF829CE42406368170145D84B40.jpg,1
0101000020E6100000AA5D71431CCC424033113EAD05E14B40.jpg,1
0101000020E6100000EB8F60456E693E4066CA4785C3F84D40.jpg,1
0101000020E6100000A54192D83C573E4078B3B5A76CF74D40.jpg,0
0101000020E6100000ED71E624026E3E406E9F6C0200FA4D40.jpg,1
0101000020E6100000BD5DB0CDA6FC4B40E69FA96F0A5D4B40.jpg,1
0101000020E6100000C835FE77D6443E40EAC4A15B88F74D40.jpg,1
0101000020E6100000F8FBE1C1786A3E40962C4AB048F24D40.jpg,0
0101000020E6100000F06846B3B0F94B40744337214B5B4B40.jpg,1
0101000020E6100000CA33E8B1516F3E4028B517D1B6FE4D40.jpg,0
0101000020E610000056FCDC59C6F94B40E611251F905D4B40.jpg,1
0101000020E6100000E3E78C160A6D3E40A7C2560B17F14D40.jpg,1
0101000020E6100000A6A139F7C6514E40195BCB0E38694C40.jpg,1
0101000020E6100000F0B22415CDC94240652829DB40EC4B40.jpg,0
0101000020E6100000E4796E762B6A3E40ABA13588D4F34D40.jpg,1
0101000020E6100000CF32C0423CC7424042029F4F7FEA4B40.jpg,1
0101000020E6100000C3CF8C3960D34240BC966A4817CB4B40.jpg,1
0101000020E6100000F4D60F9DDD563E40D80BAAB254F64D40.jpg,1
0101000020E6100000CD3541DE6F433E4022A4B53C2B024E40.jpg,1
0101000020E61000005B5D8B6C208E4840073635708AE64B40.jpg,1
0101000020E61000004B26444C4B523E403678AB23D1EC4D40.jpg,0
0101000020E61000008B3BA1819FC042406EA5743CE8DD4B40.jpg,1
0101000020E6100000B33C84FBC5C44240E48C5E9681E44B40.jpg,1
0101000020E6100000D0F0CEF012BD42403968DF7734D74B40.jpg,1
0101000020E6100000D04522B8FAD2424089073E4D80DE4B40.jpg,1
0101000020E6100000EDD7F3EE755F3E40196FF111EDF64D40.jpg,1
0101000020E61000004AD2D268B43E3E402E3E653265F74D40.jpg,1
0101000020E6100000C82C692F9C783E4068EF38B7DCF54D40.jpg,1
0101000020E6100000A6F1EAA0BB623E40CFFD5B1D0E054E40.jpg,1
0101000020E610000065324FC00CCA4240AA690AA98AE14B40.jpg,1
0101000020E61000002A298781B4F64B40183583EB165C4B40.jpg,1
0101000020E6100000BC36E17F27F04540D3B5B221582A4C40.jpg,1
0101000020E6100000C62A36CAA0CB424042F8E506E2E94B40.jpg,1
0101000020E6100000112D19CA00D34240B9B31EDAE1CA4B40.jpg,1
0101000020E6100000E9CD066B2C523E40252E6A7132EE4D40.jpg,1
0101000020E6100000D0F8ACD598623E40767BFFD5D9FC4D40.jpg,1
0101000020E6100000AF686B2BD3CE42400A8610E3B7E04B40.jpg,1
0101000020E6100000E7FF3EAB98D04240CD7D5B786AEA4B40.jpg,1
0101000020E6100000D08EB19997C5424017A093FC0DE24B40.jpg,1
0101000020E61000007AFDE19879C14240D22458ECD4DD4B40.jpg,1
0101000020E6100000E6CB94A1ED503E40F12C881B8CF54D40.jpg,1
0101000020E6100000D1B2D783953C3E404AAAE4D30BF94D40.jpg,1
0101000020E6100000E332F75BFE4E3E4032C1BA3BBCF44D40.jpg,1
0101000020E6100000F3E4743B76433E406FFD0D3DD6FB4D40.jpg,0
0101000020E6100000AEFE0F7DE55B3E4011D40A82B0F54D40.jpg,1
0101000020E6100000C3D4752C5F4C3E400A86CEC6A5FB4D40.jpg,1
0101000020E6100000C22A7E5690CF4240BBD9A561C6E24B40.jpg,1
0101000020E6100000C97E64DA01483E409D633B3D81FA4D40.jpg,1
0101000020E6100000C3754DC7EA5C3E40620EDB465E054E40.jpg,0
0101000020E6100000CBAADAFEAD513E40B516C9CBD8FE4D40.jpg,0
0101000020E61000009F472FE4FDC4424035A68D0E3BDA4B40.jpg,1
0101000020E6100000E362BE1C73F94B404DE860C3F45B4B40.jpg,1
0101000020E6100000A6782762BBF94B400ED6322B315B4B40.jpg,1
0101000020E6100000AA6F0871BF4B3E40246934424A014E40.jpg,1
0101000020E6100000AD5CDA362D573E40726784894FFE4D40.jpg,1
0101000020E6100000ECEF7400A76C3E40B1A2FC60BDFD4D40.jpg,1
0101000020E610000029E9F4CB46653E40F5B0AD2538FC4D40.jpg,1
0101000020E610000078F58F5DA0FC4B400F0C46430B5D4B40.jpg,1
0101000020E6100000BDE0F963DF763E405A74B0D34FF44D40.jpg,0
0101000020E6100000E16156FFD2483E401DC793CDEAFB4D40.jpg,1
0101000020E6100000E942EE1ADBC742408F12357D68EA4B40.jpg,1
0101000020E6100000C1D2F17F646B3E4041A21DF857FD4D40.jpg,1
0101000020E61000006A5EB70353773E4007E56EF19FF14D40.jpg,1
0101000020E6100000F77501AB7A5B3E401B8430ECADF54D40.jpg,1
0101000020E61000008D7516625AC74240E98E8119ACDB4B40.jpg,1
0101000020E6100000F83E94E9C9403E40706577EB36F64D40.jpg,1
0101000020E6100000BE2B27463B503E405573285FEAF44D40.jpg,1
0101000020E6100000F08FE00EE0D24240069C1201E8CA4B40.jpg,1
0101000020E6100000F13AD61DEFC74240A3C098B352EA4B40.jpg,1
0101000020E61000002D1CF4E41BD5424069A6D90E16E14B40.jpg,1
0101000020E6100000F546E5DADBD242404E7A936A15EA4B40.jpg,1
0101000020E6100000BC4C70914B5B3E40844463B8FDF84D40.jpg,1
0101000020E6100000E5087739B5533E4094A85127E4FB4D40.jpg,1
0101000020E6100000FDD36113863E3E4048DF0C4D85FC4D40.jpg,1
0101000020E6100000737E5038B7B24E40B566A03CF0954B40.jpg,1
0101000020E6100000BF20C10B5DDB42400E3488D7C1CF4B40.jpg,1
0101000020E6100000B2AFAC9C8C6F3E4085A498811FF14D40.jpg,0
0101000020E6100000C61AF6C7B0504E40DD21FDAAE7694C40.jpg,0
0101000020E6100000F18267C6CB363E40D0B3BC1F75FA4D40.jpg,1
0101000020E6100000F511B6A7FDCE42407A74839ED6D84B40.jpg,1
0101000020E6100000C15305F912CA42400FBD6C0B74DD4B40.jpg,1
0101000020E6100000DE6998C5B7D042408A5AC02204EA4B40.jpg,1
0101000020E6100000A9C968F19D403E40849435705B024E40.jpg,1
0101000020E6100000BB877C7E75D44240B47545305BE24B40.jpg,1
0101000020E6100000BE29E4FE2E393E405CAF44FBF3F84D40.jpg,1
0101000020E6100000BA8DCE45B8C74240FB92FF5C83D94B40.jpg,1
0101000020E6100000BB6E9DC1D7393E40203D36E3A3F84D40.jpg,1
0101000020E6100000C3539A5D0F473E4064C41C3C07024E40.jpg,1
0101000020E6100000E5D5FCA24BD9424068230787BFE24B40.jpg,1
0101000020E6100000F39B488494BC4240C1B8BE89CDD64B40.jpg,1
0101000020E610000080C2A6BCC0613E40570E92DDC3F94D40.jpg,1
0101000020E6100000BE7320D28CD9424032C7E83C47D14B40.jpg,1
0101000020E61000005F8246F545D24240B09C107C04D94B40.jpg,1
0101000020E6100000C382B42C038F484035A51D80D2E54B40.jpg,1
0101000020E6100000F6DBFA90C7CC42400136ED50F7E04B40.jpg,1
0101000020E6100000C713B3F1EF293E40668DAF7A56EC4D40.jpg,0
0101000020E6100000E2D92577C6663E4010BB7552EDED4D40.jpg,0
0101000020E610000002FC920E08533E40B0BF409E4AFD4D40.jpg,1
0101000020E6100000BD3A8A1D14C7424041614BED17DB4B40.jpg,0
0101000020E6100000BDE0870EB7D242401DF2D6C6C6CA4B40.jpg,1
0101000020E61000008D2DA6C7E6CC424052778E967DE64B40.jpg,1
0101000020E61000004A47B55FA9313E40F397BD3C42ED4D40.jpg,1
0101000020E61000008C3B523B8BCC4240197F0895ABDC4B40.jpg,1
0101000020E6100000A66E228B98CE42408B12574275DF4B40.jpg,1
0101000020E6100000058259D101CF42408AD923B8F7EA4B40.jpg,1
0101000020E6100000E84DB2C63AD5424099896B7A25E14B40.jpg,1
0101000020E610000017AD340DB0553E40B2D522F818EF4D40.jpg,1
0101000020E6100000C8CD3B112ED842403AE45C468EE44B40.jpg,1
0101000020E6100000BF93F31ED7CE4240F831D78338E94B40.jpg,0
0101000020E6100000E9BBEEBC334F4E4023406C3AD9694C40.jpg,0
0101000020E6100000CAEBC3A5E3C54240403C946688E24B40.jpg,1
0101000020E6100000C615AAAAB6B14E402488F0B8B3964B40.jpg,1
0101000020E6100000627F88F6F9D14240A55174692BD94B40.jpg,1
0101000020E6100000694A060E95C742407A32C53D12DB4B40.jpg,1
0101000020E6100000AA4C6140574D3E4012E6EA854A024E40.jpg,1
0101000020E6100000AAE1E64A40D142409DB637D975EA4B40.jpg,1
0101000020E6100000B98ECC7EB83A3E403F063A7962FA4D40.jpg,1
0101000020E61000005EB8CC19EC3C3E40845363659BFC4D40.jpg,1
0101000020E610000062229966DEC7424086FDBAAD56DB4B40.jpg,1
0101000020E6100000F639F583E5CD424006D4AD34EFDF4B40.jpg,1
0101000020E6100000A7241138978F48408052EA1BE3E54B40.jpg,1
0101000020E6100000C4759E0E6A4E3E40E64B177E8AF54D40.jpg,1
0101000020E6100000269D8D0476B442402831939EA5E64B40.jpg,1
0101000020E6100000CFFA06B99A4A3E401FEC6D63CEF54D40.jpg,1
0101000020E610000014232F91293A3E40C25A7097E1FC4D40.jpg,1
0101000020E6100000E871A3BE68693E4077CCD6809CF54D40.jpg,1
0101000020E6100000B90ED84CF3C842401BA3EC6217E04B40.jpg,1
0101000020E610000049B47A0D95D44240B53244C275E14B40.jpg,1
0101000020E6100000EEBEAC4EA3503E4050752840DDFC4D40.jpg,1
0101000020E610000024D1088C6ED14240BD43B78219EA4B40.jpg,1
0101000020E6100000F9C4950EB1C5424084CDB7406DE24B40.jpg,1
0101000020E6100000AB67F79AD46B3E40BDE04039ABF64D40.jpg,1
0101000020E6100000E73B9A1842DA42404AF9E3D205DF4B40.jpg,1
0101000020E6100000E7032D1DA6543E408745C81D8FF84D40.jpg,1
0101000020E6100000C09C4393F0D64240A1846E3663E04B40.jpg,1
0101000020E6100000F6994B5BB0D34240EE70F716AFE14B40.jpg,1
0101000020E6100000EB2A006D7B363E40EB0A502F45FA4D40.jpg,1
0101000020E6100000B01E222EB3323E40651C0C3DAEFE4D40.jpg,1
0101000020E610000094FE21A776C14240D5C07F88C7DD4B40.jpg,1
0101000020E610000031098E00AB693E40572DEB29F2FC4D40.jpg,1
0101000020E6100000A9DD729FE3CD42408D105DD1DFE34B40.jpg,1
0101000020E61000003F76FBD2B9C44240F41497B59DE44B40.jpg,1
0101000020E6100000F1B1BEF857D04240ABADEFFB6BDD4B40.jpg,1
0101000020E6100000CF71D33E54333E40A087A544FCFF4D40.jpg,1
0101000020E6100000BD9260811A693E40F7C64D6334EF4D40.jpg,1
0101000020E6100000F127117EB53E3E40EBCDC196CBFC4D40.jpg,1
0101000020E6100000CB137A90ADCC42405089D73430DF4B40.jpg,1
0101000020E6100000AC614FD398C94240E34FBC19E1E04B40.jpg,1
0101000020E6100000ED4DFF9EC7423E401FB79CA171F84D40.jpg,1
0101000020E6100000F9D0C6906A493E40DC4CBA6AB4FF4D40.jpg,1
0101000020E6100000CAD756CDE2CF42401013140C55D94B40.jpg,1
0101000020E61000001B1187CA91473E40F5F9C5F872F54D40.jpg,1
0101000020E6100000D037F5C340C14240D4BA5EB1BEDD4B40.jpg,1
0101000020E6100000D1925A3784CA42401EC5435C9CDA4B40.jpg,1
0101000020E6100000B66E045B056E3E40A9D069AB8C004E40.jpg,1
0101000020E6100000AE1FEE2CF24D3E403238367AF6FB4D40.jpg,0
0101000020E6100000DD0D1E7D7E373E40FA2C2FF6A7FA4D40.jpg,1
0101000020E6100000E880A82440B14E40BD39872B9A964B40.jpg,1
0101000020E6100000E9EE2BF004444640E433715C1A5B4840.jpg,1
0101000020E6100000E0D5AFCABE353E4022EED00160014E40.jpg,1
0101000020E61000001C8624ED65C242409A46351AB0DA4B40.jpg,1
0101000020E6100000F4CB16FFEDD4424077C414F145DE4B40.jpg,1
0101000020E6100000AB24AD5678D44240A33CAC9D4CE04B40.jpg,1
0101000020E6100000F5ADF0DD4F583E40BA2ACA5172F54D40.jpg,1
0101000020E6100000640582AA183B3E401403C9E08DF84D40.jpg,1
0101000020E61000005CB2646D97CB424025F34E595BDE4B40.jpg,1
0101000020E6100000F95CE2D2F5C542406FDA4F70B8DB4B40.jpg,1
0101000020E6100000B691A6D2B3423E4025F25A928EFC4D40.jpg,1
0101000020E6100000B6D988C28F413E40FA7C8F58DDFD4D40.jpg,1
0101000020E6100000F3020DB23CDB4240D471AEC1B8CF4B40.jpg,1
0101000020E6100000A12B238B3A433E4003EA2B1ABBFE4D40.jpg,1
0101000020E610000041A465F81DD6424027C207286DDF4B40.jpg,1
0101000020E61000009A2933F9B4C642408262EFBBE5DB4B40.jpg,1
0101000020E61000004B9BA20A9C403E4002B6378335F74D40.jpg,1
0101000020E6100000EE3CDDB846423E4062E33E957AFC4D40.jpg,1
0101000020E6100000A67BFB4519D14240B25038A9D2E24B40.jpg,1
0101000020E6100000366F4614AD703E4088464C901EF04D40.jpg,1
0101000020E6100000ABD664BBF2CE4240DD78DA8E67E34B40.jpg,1
0101000020E6100000A7DD5CBA51613E40DF4DC9CFCC034E40.jpg,1
0101000020E6100000F3BD128AA5C04240539BDF00D8DD4B40.jpg,1
0101000020E61000004B354E6B9C323E4010E6F5AEE1FD4D40.jpg,0
0101000020E6100000B1948D5031514E4061E932EBBB694C40.jpg,1
0101000020E61000000E44FDCB01D74240CBA18C8BBFD94B40.jpg,1
0101000020E6100000C1A54FEA4C4E3E40B27AE09369F44D40.jpg,1
0101000020E6100000AEEA21244F3C3E40E81DA9E9F3004E40.jpg,1
0101000020E6100000CC32334F08D4424052B0CE4A3DCB4B40.jpg,1
0101000020E6100000B1777C0449D6424003AD44C9B9E54B40.jpg,1
0101000020E6100000B0E8990862444640512CD3098A5B4840.jpg,1
0101000020E6100000E3FCBAC432D4424095875CDBA1D84B40.jpg,1
0101000020E610000078D16E2C1CC04240080FF11454DD4B40.jpg,1
0101000020E6100000B25EEE8EEACD42407E6AF41EF2DF4B40.jpg,1
0101000020E6100000C2D23A56DBC64240E1E28A86AAEA4B40.jpg,1
0101000020E6100000E82FF48891CC42408235157C2FDD4B40.jpg,1
0101000020E61000005E9EE5B15ACE42403E1BBC2619E94B40.jpg,1
0101000020E6100000EF5EC514F2733E406036A6CCB2EF4D40.jpg,1
0101000020E6100000BF9AFE4A393E3E40DC8C338381EE4D40.jpg,1
0101000020E6100000C4C9F39CD16E3E40E642F48A38004E40.jpg,1
0101000020E61000002AA6146C4AC1424064D0D1F6E4DD4B40.jpg,1
0101000020E6100000C054F9BF5FC1424013D00FE6A0DD4B40.jpg,1
0101000020E6100000E619E7AEE6504E40D672626D5E694C40.jpg,1
0101000020E6100000C9E97E5DEC6A3E40938FA55BEBFD4D40.jpg,1
0101000020E6100000499F5B8AD9413E407FA5DC4524F04D40.jpg,1
0101000020E6100000F58FA4F54ECF424059D22EFF11DA4B40.jpg,1
0101000020E6100000E815E2A0A34A3E40784FD4884FFA4D40.jpg,0
0101000020E61000007C2581E7CDD542403C6876DDDBE04B40.jpg,1
0101000020E6100000B912DF5B61FA4B408B8DA49D0D5E4B40.jpg,1
0101000020E6100000C2E47B8305703E401324A2D720FA4D40.jpg,1
0101000020E6100000B82380C1CCC642400EBC34272AE24B40.jpg,1
0101000020E6100000C7D00A3C12333E409269C06205F84D40.jpg,1
0101000020E61000004FDE9F098FCD42402F27F43C30DE4B40.jpg,1
0101000020E6100000F6647F52CD403E402A0DCF277FFD4D40.jpg,1
0101000020E610000024E95B65F4C6424043AB77DEE4DB4B40.jpg,1
0101000020E6100000E32B17B0B8EF454067363209032A4C40.jpg,1
0101000020E6100000A83D5AD9D48F48403BD21B19A4E54B40.jpg,1
0101000020E6100000527A555099693E40400B16425FFF4D40.jpg,1
0101000020E6100000C83493A2A7623E407EB79CF2F8F74D40.jpg,1
0101000020E6100000CC61FCD6FC683E40168553A249FA4D40.jpg,0
0101000020E6100000F4885A6569D442407EDF2C1620E04B40.jpg,1
0101000020E6100000B89691C69DD44240B9F15E1D16DD4B40.jpg,1
0101000020E6100000C25E42B47FC242408F1CC8FE62DE4B40.jpg,1
0101000020E6100000F581DFE409C84240BB3F9F4713DF4B40.jpg,1
0101000020E6100000AE8294AF36553E4079E4DA134EFA4D40.jpg,1
0101000020E6100000E382F49338473E4050547D8175FD4D40.jpg,1
0101000020E6100000B907FD5967D042400FB1FE2522E04B40.jpg,1
0101000020E61000009CE3F00A43F04540B4DE9833152A4C40.jpg,1
0101000020E6100000F3D58B2A8E463E4034B3CEAC30F54D40.jpg,0
0101000020E6100000BDE48E1DA5CA4240B973BC5D4ADF4B40.jpg,1
0101000020E6100000046482F6B7CB4240630A64E332DD4B40.jpg,1
0101000020E6100000C25D4EED32533E408386D38951034E40.jpg,1
0101000020E6100000B54B02712A723E40D638911C4DF04D40.jpg,1
0101000020E6100000AD0224B6D5D342407CB4386398E04B40.jpg,1
0101000020E6100000569080809EC1424030586537D7DD4B40.jpg,1
0101000020E6100000EE558984FF5B3E4090431D8671F94D40.jpg,1
0101000020E6100000BB4215BA6F773E408EB1695EBBF14D40.jpg,1
0101000020E6100000E9FCA92B3EDA42403B170CCF87E24B40.jpg,1
0101000020E6100000EB89F027914346402761045F215B4840.jpg,1
0101000020E6100000D109DB2EB86D3E4013EEFD5C20FF4D40.jpg,1
0101000020E6100000E59A95FCEECA424013C712BA31D84B40.jpg,1
0101000020E6100000EC4451B96CC64240CF2C88CFBDE04B40.jpg,1
0101000020E6100000AA09216E2EC84240992DC6B18FEA4B40.jpg,1
0101000020E61000008D8D133B27F74B404000C7A3365C4B40.jpg,1
0101000020E6100000F592BFAEB8F94B40BEB062DCC05C4B40.jpg,1
0101000020E6100000AFA86F36A9C1424052287DB407DE4B40.jpg,1
0101000020E6100000E5D889B15DDC4240B6692F4C2DE54B40.jpg,1
0101000020E6100000BCE9A08F553C3E407FA21FFEFB004E40.jpg,1
0101000020E6100000EB702807A9673E408EE0C54901FD4D40.jpg,1
0101000020E6100000F3FCE822E5C94240C056FAEA19E14B40.jpg,1
0101000020E6100000B0F06D7BF44246406DE02A29195B4840.jpg,1
0101000020E6100000E573EC75123B3E40319DC48A14FC4D40.jpg,0
0101000020E6100000D617F0CF186D3E40B77C407AACFD4D40.jpg,1
0101000020E61000007003C277F0F64B40FC709A82185C4B40.jpg,1
0101000020E6100000BAA9E611DACC42405CEFDE21AAE04B40.jpg,1
0101000020E6100000F639AEAE99F04540FD5237FEE1294C40.jpg,1
0101000020E6100000CC43E8985A453E40FE6188F23EFC4D40.jpg,1
0101000020E6100000C42111D623C342405DC5E237C5E04B40.jpg,1
0101000020E6100000ED5ADD1282C1424014F9566DFCDD4B40.jpg,1
0101000020E6100000F29639CAB23B3E40332B4623C0F84D40.jpg,0
0101000020E6100000CF15EC59EC333E408BD035B7B5FE4D40.jpg,0
0101000020E6100000EF4B68586DC442401F65E05ACFD94B40.jpg,1
0101000020E6100000AA3D3BCC16D242407D7F4B4C8CC94B40.jpg,1
0101000020E6100000F57721E372573E4088875BFE760A4E40.jpg,1
0101000020E6100000B7535965FDBF4240C02C9E8EC8E84B40.jpg,1
0101000020E6100000F5A2ABB11AD74240733832103DE64B40.jpg,1
0101000020E6100000AE843FDA77C04240AD980A24BADD4B40.jpg,1
0101000020E6100000B71848BF99514E4092E76C9404694C40.jpg,1
0101000020E6100000B0C2AC9EB3323E400F4C4595E7004E40.jpg,1
0101000020E6100000E97892959B514E405D7830F2CA694C40.jpg,1
0101000020E6100000BA9D8FC87D693E4020751DA5F0F84D40.jpg,1
0101000020E6100000B4AF4B737C4F3E4060CC759EA1FC4D40.jpg,1
0101000020E610000006C1B5A350CF4240F99E8C4F53E34B40.jpg,1
0101000020E610000093D042749B413E40F4AAE24EA8F74D40.jpg,1
0101000020E6100000A99CD83EC2F94B406316D2C8445B4B40.jpg,1
0101000020E61000003F40A3E6FEC042406BF6A09DDCDD4B40.jpg,1
0101000020E61000005888CA63264446400BE4DC9DAA5B4840.jpg,1
0101000020E6100000E5C30F756F363E4028AA77EB4EFA4D40.jpg,1
0101000020E610000063C522E6CFC14240CFABE6AB77E44B40.jpg,1
0101000020E6100000963397F8FC423E401632313F72FC4D40.jpg,1
0101000020E6100000B0AA3D707ED5424047B607E23BCD4B40.jpg,1
0101000020E610000083B0DE9E23434640716287B2A95B4840.jpg,1
0101000020E6100000F0842E467CC742408A4E523DB2EA4B40.jpg,1
0101000020E6100000F4DFC5F300C842409688B5CD54DB4B40.jpg,1
0101000020E6100000ABC9D2D5BD583E4059882AD692FD4D40.jpg,1
0101000020E6100000AF02631AD9443E406597AADF05024E40.jpg,1
0101000020E6100000D077EAA3A9D342405E938430B6D34B40.jpg,1
0101000020E6100000C7B1F8C46F6F3E40F1FF57DB5C014E40.jpg,1
0101000020E6100000AB73900043C642403F3D58F47EE04B40.jpg,1
0101000020E6100000F063416BC25C3E40CA2CE23E29024E40.jpg,1
0101000020E6100000CD05BC394D523E404BB5AF39D0EE4D40.jpg,1
0101000020E61000004B9980D1F83C3E4069A3218027F74D40.jpg,1
0101000020E6100000E6ADB5551BCA42405D5E740A56EC4B40.jpg,1
0101000020E6100000CFD3FA07034A3E4028CC588D15F74D40.jpg,1
0101000020E610000079C47ED565783E407E4752A7C3F24D40.jpg,1
0101000020E61000002B319F11C45F3E40BFA933EAA6F54D40.jpg,0
0101000020E6100000C6102E54E6BF4240099805829CDD4B40.jpg,1
0101000020E6100000A81C8E0C04B24E404652DA34D9964B40.jpg,1
0101000020E6100000E0DEDC2F44B14240A30F98B2CCDD4B40.jpg,1
0101000020E6100000B22A20BFC75D3E40B355C8E309F84D40.jpg,1
0101000020E6100000C213BC199CF94B40AF00B8EFD75C4B40.jpg,1
0101000020E6100000B6ECF2A8D6BF424072ED557560DD4B40.jpg,1
0101000020E6100000922F1A92109048402FF1244253E64B40.jpg,1
0101000020E61000001039E0671AC24240B57B4040C1E94B40.jpg,1
0101000020E6100000ACF898A523C642400C9CB02074E24B40.jpg,1
0101000020E6100000F653287A7C443E401085F2E515F84D40.jpg,1
0101000020E6100000BF3DBBBB4FCF4240FCD507850DE44B40.jpg,1
0101000020E6100000AB4C7F96313E3E40B1A2F7A703024E40.jpg,1
0101000020E6100000E53B8EA563D142401642B0A5E5E24B40.jpg,1
0101000020E6100000FC3704CE5FCE42403A6FBC6BABE04B40.jpg,1
0101000020E6100000BC3927B9ADCA424051CD3D0827E14B40.jpg,1
0101000020E6100000EEBEAC4EA3BF424091711DC7F5E64B40.jpg,1
0101000020E61000004B83FEE956D442406830BA7A1DDD4B40.jpg,1
0101000020E61000000D5C114104C7424049EE5017E0DB4B40.jpg,1
0101000020E6100000FA282DA0F3683E4021B495CC2EF34D40.jpg,1
0101000020E610000049E523B25A3A3E4010851D6632F84D40.jpg,1
0101000020E6100000AA9AF569623B3E4082F0A8FE6F034E40.jpg,1
0101000020E6100000AE9F6B5095863E40E456399BEBEF4D40.jpg,1
0101000020E6100000FA264D8362CF4240DBC2B6EF98E04B40.jpg,1
0101000020E6100000DE273AD7DF8F48400051517173E64B40.jpg,1
0101000020E6100000D97C40C67A6B3E409E9C130ECCF34D40.jpg,1
0101000020E6100000BF2DF0C616443E40517FFA25DBF74D40.jpg,1
0101000020E6100000F5EE040522E742408CC2683528DE4B40.jpg,1
0101000020E6100000A3EC1649C7C04240E592B71769DD4B40.jpg,1
0101000020E6100000CCA7457F93CE42401B7A93F8BFEA4B40.jpg,1
0101000020E6100000CD215DF7CC443E406EDAC47DEFF74D40.jpg,1
0101000020E6100000A744AF9211C142408829D8193BDD4B40.jpg,1
0101000020E6100000BFF22AAF385F3E408B76C60BAAF04D40.jpg,0
0101000020E6100000C610E2C5E0D5424077DED0D8BAE04B40.jpg,1
0101000020E6100000B43D8435F1CF4240C2295F0FA7EA4B40.jpg,1
0101000020E61000002A2E963B96603E40AEA2B64215F74D40.jpg,1
0101000020E61000007FD006A2DFDD4240D49ABB9DCAD14B40.jpg,1
0101000020E6100000AE3EF631218F4840C6059327B8E54B40.jpg,0
0101000020E6100000F289C8F2E6DC4240DE010B511FE44B40.jpg,1
0101000020E6100000AC86D62092BF42409885D9786EEB4B40.jpg,1
0101000020E6100000E2F2C21792D24240D120FBDCEDE94B40.jpg,1
0101000020E6100000F2A7D7778F6A3E40BC3FFFB9FF024E40.jpg,1
0101000020E6100000CC36813382434640CBA4F88BA85B4840.jpg,1
0101000020E6100000AD327EDADB8F4840395D5DE8A6E54B40.jpg,1
0101000020E6100000F05612B088B24E409528043D17964B40.jpg,1
0101000020E6100000C7889F5A18CA42408CC686E08BE04B40.jpg,1
0101000020E6100000D04EB2477BF74B407CB6398E525C4B40.jpg,1
0101000020E6100000422D61C885C642402FA15743AFDB4B40.jpg,1
0101000020E6100000FF9E25B6A56D3E404975D96665004E40.jpg,1
0101000020E6100000ED0594BD0D373E40988422153AFA4D40.jpg,1
0101000020E6100000BB7A5CEE28CF424099F8757048EB4B40.jpg,1
0101000020E6100000B1FD0162D4563E40E9FED5D654F74D40.jpg,1
0101000020E6100000A974152A76D142407694EDBD24EA4B40.jpg,1
0101000020E6100000B1F86E6F8ED1424005A6661EDFE94B40.jpg,1
0101000020E6100000C7279C91CCCF424019FD7FD4DAD94B40.jpg,1
0101000020E6100000AEC7891E54CF42402F213D4A47E14B40.jpg,1
0101000020E610000079B562D3D8C34240CFA653B971E44B40.jpg,1
0101000020E6100000B70ECCD954D64240B69DF86216E24B40.jpg,1
0101000020E6100000B09EC51879E04240FBCEED2D7ED44B40.jpg,1
0101000020E6100000E5D7146A7B5B3E403F07D0CEADF84D40.jpg,1
0101000020E610000000CB12E933C7424049EC2925C3E04B40.jpg,1
0101000020E6100000BAC79F9609513E404A5D236324F04D40.jpg,1
0101000020E6100000AAC652F1EDD242405FA23597BFCA4B40.jpg,1
0101000020E6100000B9B7203016343E40734C1BB019004E40.jpg,1
0101000020E6100000C0036BEBD3D24240E5A4DCEF23CB4B40.jpg,1
0101000020E610000086BB7DCD276E3E40314F3F8CB6004E40.jpg,1
0101000020E6100000AA060B6EBE5D3E4027D6BBD5F9F84D40.jpg,1
0101000020E6100000C14E35A334703E406CCB974F4AF04D40.jpg,1
0101000020E61000004B37CB5D32333E401E310360BFFD4D40.jpg,1
0101000020E6100000AFE9835D7BD34240A80BCF50BECB4B40.jpg,1
0101000020E6100000E4ECCB09C2DA42409B49C4292DE24B40.jpg,1
0101000020E6100000B9EBEEFFB8593E4046912A9489FD4D40.jpg,1
0101000020E6100000FC4AF4EDB5773E4056D68CC5DCF14D40.jpg,0
0101000020E6100000AAC849AAF4D54240D484FC5290E34B40.jpg,1
0101000020E6100000A5DB12B9A0CA4240550615220ED84B40.jpg,1
0101000020E6100000F2FAD8CCBD583E4069904AFDB1FB4D40.jpg,1
0101000020E610000049AA38D399F94B40233795D58C5B4B40.jpg,1
0101000020E6100000E6E132DE3E373E4056CE37D274FF4D40.jpg,1
0101000020E6100000EE030F5AAFC3424090073CDF78E94B40.jpg,1
0101000020E6100000C23DA1674BD34240BE6A6F34E3CA4B40.jpg,1
0101000020E61000004B766C04E2663E403B0D116AD8ED4D40.jpg,0
0101000020E6100000C6A9BF2677D7424034EDFD6E43E54B40.jpg,1
0101000020E6100000AA2756BAF93A3E400625920974FA4D40.jpg,1
0101000020E6100000C2A026DCA6B24E403351687F7E974B40.jpg,1
0101000020E6100000B426C2F87C514E40617BDF580D694C40.jpg,1
0101000020E6100000BC94106555513E404AD4D3936EF54D40.jpg,1
0101000020E6100000E178F274A4453E4093B9F28C8FF74D40.jpg,1
0101000020E6100000AFC6BB1E2A4B3E40CFE3493520FB4D40.jpg,1
0101000020E6100000E9C060A1D0663E409DE6456F76034E40.jpg,1
0101000020E6100000B2AA560D1FC3424008654215BCE44B40.jpg,1
0101000020E6100000C91C385899C44240CF59B09E24DF4B40.jpg,1
0101000020E61000001A31F5EBF5D642405E52C9C1ABD84B40.jpg,1
0101000020E6100000383BA00C58F84B400EF8E0DBD25B4B40.jpg,1
0101000020E6100000CC57F7FFD9D0424060646C626DCC4B40.jpg,1
0101000020E6100000D6DD9FFF9CC4424084E29E194ADA4B40.jpg,1
0101000020E6100000F03CCDD6B54F3E40F914A27158F54D40.jpg,1
0101000020E6100000C3F476B1D45A3E4067DBA8CF87F74D40.jpg,1
0101000020E6100000F14602E72ED042406F44855703E04B40.jpg,1
0101000020E6100000D7305F3879C44240D26AD1CDC1CD4B40.jpg,1
0101000020E6100000B9F37B9DFFD242407295D8C9A1E04B40.jpg,1
0101000020E6100000E6CCB8A190433E40A6F23EDA74F84D40.jpg,1
0101000020E6100000B0EA49EC9C623E40F606E8896AFF4D40.jpg,1
0101000020E6100000ADA61BC344523E40A96CF5285EED4D40.jpg,1
0101000020E6100000C77603747BD642404F0E04A088E04B40.jpg,1
0101000020E6100000AEEF6D4109393E4098FFF0F0E7FC4D40.jpg,1
0101000020E6100000C82486919C6B3E4049C5FC65C2F14D40.jpg,0
0101000020E6100000F154045B4CD94240B1C356D865E24B40.jpg,1
0101000020E6100000A8408976A5D94240ADC72E6521E04B40.jpg,1
0101000020E6100000B1B6529DC8C44240663546B37EDA4B40.jpg,1
0101000020E6100000C8871DE933D2424017D4153EEBD84B40.jpg,1
0101000020E610000002DBB45EBBCF42407AE5F6A2A8EA4B40.jpg,1
0101000020E6100000F6173AA941523E40C52B0983C4F84D40.jpg,1
0101000020E6100000DFACCB6DDEDB4240705E7BEA81D04B40.jpg,1
0101000020E6100000A54702F699753E4062EE465E97F84D40.jpg,1
0101000020E6100000E8B331E6966D3E4063D679BE60014E40.jpg,1
0101000020E6100000699E1C38F94C3E4092AF76A70AFC4D40.jpg,1
